日期	牌價幣別	商品重量	本行買入價格	本行賣出價格	Mean			Buy	Sell	Maen		Upper	Mean	Lower
20190319	新台幣(TWD)	1公克	1284	1300	1292		Avg	1245.15747	1260.423957	1252.790713		1352.84 	1292.00 	1152.74 
20190318	新台幣(TWD)	1公克	1283	1299	1291		Sd	49.70612527	50.34952567	50.02702377		1352.84 	1291.00 	1152.74 
20190315	新台幣(TWD)	1公克	1283	1299	1291							1352.84 	1291.00 	1152.74 
20190314	新台幣(TWD)	1公克	1284	1300	1292							1352.84 	1292.00 	1152.74 
20190313	新台幣(TWD)	1公克	1287	1303	1295							1352.84 	1295.00 	1152.74 
20190312	新台幣(TWD)	1公克	1278	1294	1286							1352.84 	1286.00 	1152.74 
20190311	新台幣(TWD)	1公克	1280	1296	1288							1352.84 	1288.00 	1152.74 
20190308	新台幣(TWD)	1公克	1276	1292	1284							1352.84 	1284.00 	1152.74 
20190307	新台幣(TWD)	1公克	1265	1280	1272.5							1352.84 	1272.50 	1152.74 
20190306	新台幣(TWD)	1公克	1270	1286	1278							1352.84 	1278.00 	1152.74 
20190305	新台幣(TWD)	1公克	1266	1281	1273.5							1352.84 	1273.50 	1152.74 
20190304	新台幣(TWD)	1公克	1273	1289	1281							1352.84 	1281.00 	1152.74 
20190227	新台幣(TWD)	1公克	1303	1319	1311							1352.84 	1311.00 	1152.74 
20190226	新台幣(TWD)	1公克	1304	1320	1312							1352.84 	1312.00 	1152.74 
20190225	新台幣(TWD)	1公克	1306	1322	1314							1352.84 	1314.00 	1152.74 
20190223	新台幣(TWD)	1公克	1304	1320	1312							1352.84 	1312.00 	1152.74 
20190222	新台幣(TWD)	1公克	1304	1320	1312							1352.84 	1312.00 	1152.74 
20190221	新台幣(TWD)	1公克	1316	1332	1324							1352.84 	1324.00 	1152.74 
20190220	新台幣(TWD)	1公克	1319	1335	1327							1352.84 	1327.00 	1152.74 
20190219	新台幣(TWD)	1公克	1303	1319	1311							1352.84 	1311.00 	1152.74 
20190218	新台幣(TWD)	1公克	1301	1317	1309							1352.84 	1309.00 	1152.74 
20190215	新台幣(TWD)	1公克	1293	1309	1301							1352.84 	1301.00 	1152.74 
20190214	新台幣(TWD)	1公克	1286	1302	1294							1352.84 	1294.00 	1152.74 
20190213	新台幣(TWD)	1公克	1291	1307	1299							1352.84 	1299.00 	1152.74 
20190212	新台幣(TWD)	1公克	1291	1307	1299							1352.84 	1299.00 	1152.74 
20190211	新台幣(TWD)	1公克	1288	1304	1296							1352.84 	1296.00 	1152.74 
20190201	新台幣(TWD)	1公克	1292	1308	1300							1352.84 	1300.00 	1152.74 
20190131	新台幣(TWD)	1公克	1294	1310	1302							1352.84 	1302.00 	1152.74 
20190130	新台幣(TWD)	1公克	1289	1305	1297							1352.84 	1297.00 	1152.74 
20190129	新台幣(TWD)	1公克	1284	1300	1292							1352.84 	1292.00 	1152.74 
20190128	新台幣(TWD)	1公克	1278	1294	1286							1352.84 	1286.00 	1152.74 
20190125	新台幣(TWD)	1公克	1264	1279	1271.5							1352.84 	1271.50 	1152.74 
20190124	新台幣(TWD)	1公克	1262	1277	1269.5							1352.84 	1269.50 	1152.74 
20190123	新台幣(TWD)	1公克	1266	1281	1273.5							1352.84 	1273.50 	1152.74 
20190122	新台幣(TWD)	1公克	1262	1277	1269.5							1352.84 	1269.50 	1152.74 
20190121	新台幣(TWD)	1公克	1263	1278	1270.5							1352.84 	1270.50 	1152.74 
20190119	新台幣(TWD)	1公克	1263	1278	1270.5							1352.84 	1270.50 	1152.74 
20190118	新台幣(TWD)	1公克	1270	1286	1278							1352.84 	1278.00 	1152.74 
20190117	新台幣(TWD)	1公克	1271	1287	1279							1352.84 	1279.00 	1152.74 
20190116	新台幣(TWD)	1公克	1270	1286	1278							1352.84 	1278.00 	1152.74 
20190115	新台幣(TWD)	1公克	1269	1285	1277							1352.84 	1277.00 	1152.74 
20190114	新台幣(TWD)	1公克	1270	1286	1278							1352.84 	1278.00 	1152.74 
20190111	新台幣(TWD)	1公克	1270	1286	1278							1352.84 	1278.00 	1152.74 
20190110	新台幣(TWD)	1公克	1272	1288	1280							1352.84 	1280.00 	1152.74 
20190109	新台幣(TWD)	1公克	1260	1275	1267.5							1352.84 	1267.50 	1152.74 
20190108	新台幣(TWD)	1公克	1262	1277	1269.5							1352.84 	1269.50 	1152.74 
20190107	新台幣(TWD)	1公克	1269	1284	1276.5							1352.84 	1276.50 	1152.74 
20190104	新台幣(TWD)	1公克	1274	1290	1282							1352.84 	1282.00 	1152.74 
20190103	新台幣(TWD)	1公克	1273	1288	1280.5							1352.84 	1280.50 	1152.74 
20190102	新台幣(TWD)	1公克	1263	1278	1270.5							1352.84 	1270.50 	1152.74 
20181228	新台幣(TWD)	1公克	1257	1272	1264.5							1352.84 	1264.50 	1152.74 
20181227	新台幣(TWD)	1公克	1247	1262	1254.5							1352.84 	1254.50 	1152.74 
20181226	新台幣(TWD)	1公克	1252	1267	1259.5							1352.84 	1259.50 	1152.74 
20181225	新台幣(TWD)	1公克	1245	1260	1252.5							1352.84 	1252.50 	1152.74 
20181224	新台幣(TWD)	1公克	1243	1258	1250.5							1352.84 	1250.50 	1152.74 
20181222	新台幣(TWD)	1公克	1235	1250	1242.5							1352.84 	1242.50 	1152.74 
20181221	新台幣(TWD)	1公克	1238	1253	1245.5							1352.84 	1245.50 	1152.74 
20181220	新台幣(TWD)	1公克	1228	1243	1235.5							1352.84 	1235.50 	1152.74 
20181219	新台幣(TWD)	1公克	1228	1243	1235.5							1352.84 	1235.50 	1152.74 
20181218	新台幣(TWD)	1公克	1226	1241	1233.5							1352.84 	1233.50 	1152.74 
20181217	新台幣(TWD)	1公克	1221	1236	1228.5							1352.84 	1228.50 	1152.74 
20181214	新台幣(TWD)	1公克	1221	1236	1228.5							1352.84 	1228.50 	1152.74 
20181213	新台幣(TWD)	1公克	1227	1242	1234.5							1352.84 	1234.50 	1152.74 
20181212	新台幣(TWD)	1公克	1223	1238	1230.5							1352.84 	1230.50 	1152.74 
20181211	新台幣(TWD)	1公克	1229	1244	1236.5							1352.84 	1236.50 	1152.74 
20181210	新台幣(TWD)	1公克	1229	1244	1236.5							1352.84 	1236.50 	1152.74 
20181207	新台幣(TWD)	1公克	1219	1234	1226.5							1352.84 	1226.50 	1152.74 
20181206	新台幣(TWD)	1公克	1216	1231	1223.5							1352.84 	1223.50 	1152.74 
20181205	新台幣(TWD)	1公克	1214	1229	1221.5							1352.84 	1221.50 	1152.74 
20181204	新台幣(TWD)	1公克	1212	1227	1219.5							1352.84 	1219.50 	1152.74 
20181203	新台幣(TWD)	1公克	1207	1222	1214.5							1352.84 	1214.50 	1152.74 
20181130	新台幣(TWD)	1公克	1202	1217	1209.5							1352.84 	1209.50 	1152.74 
20181129	新台幣(TWD)	1公克	1207	1222	1214.5							1352.84 	1214.50 	1152.74 
20181128	新台幣(TWD)	1公克	1197	1212	1204.5							1352.84 	1204.50 	1152.74 
20181127	新台幣(TWD)	1公克	1205	1220	1212.5							1352.84 	1212.50 	1152.74 
20181126	新台幣(TWD)	1公克	1209	1224	1216.5							1352.84 	1216.50 	1152.74 
20181123	新台幣(TWD)	1公克	1208	1223	1215.5							1352.84 	1215.50 	1152.74 
20181122	新台幣(TWD)	1公克	1210	1225	1217.5							1352.84 	1217.50 	1152.74 
20181121	新台幣(TWD)	1公克	1205	1220	1212.5							1352.84 	1212.50 	1152.74 
20181120	新台幣(TWD)	1公克	1208	1223	1215.5							1352.84 	1215.50 	1152.74 
20181119	新台幣(TWD)	1公克	1203	1218	1210.5							1352.84 	1210.50 	1152.74 
20181116	新台幣(TWD)	1公克	1198	1213	1205.5							1352.84 	1205.50 	1152.74 
20181115	新台幣(TWD)	1公克	1196	1211	1203.5							1352.84 	1203.50 	1152.74 
20181114	新台幣(TWD)	1公克	1189	1203	1196							1352.84 	1196.00 	1152.74 
20181113	新台幣(TWD)	1公克	1189	1203	1196							1352.84 	1196.00 	1152.74 
20181112	新台幣(TWD)	1公克	1190	1205	1197.5							1352.84 	1197.50 	1152.74 
20181109	新台幣(TWD)	1公克	1199	1214	1206.5							1352.84 	1206.50 	1152.74 
20181108	新台幣(TWD)	1公克	1199	1214	1206.5							1352.84 	1206.50 	1152.74 
20181107	新台幣(TWD)	1公克	1208	1223	1215.5							1352.84 	1215.50 	1152.74 
20181106	新台幣(TWD)	1公克	1209	1224	1216.5							1352.84 	1216.50 	1152.74 
20181105	新台幣(TWD)	1公克	1210	1225	1217.5							1352.84 	1217.50 	1152.74 
20181102	新台幣(TWD)	1公克	1208	1223	1215.5							1352.84 	1215.50 	1152.74 
20181101	新台幣(TWD)	1公克	1208	1223	1215.5							1352.84 	1215.50 	1152.74 
20181031	新台幣(TWD)	1公克	1203	1218	1210.5							1352.84 	1210.50 	1152.74 
20181030	新台幣(TWD)	1公克	1212	1227	1219.5							1352.84 	1219.50 	1152.74 
20181029	新台幣(TWD)	1公克	1218	1233	1225.5							1352.84 	1225.50 	1152.74 
20181026	新台幣(TWD)	1公克	1220	1235	1227.5							1352.84 	1227.50 	1152.74 
20181025	新台幣(TWD)	1公克	1221	1236	1228.5							1352.84 	1228.50 	1152.74 
20181024	新台幣(TWD)	1公克	1216	1231	1223.5							1352.84 	1223.50 	1152.74 
20181023	新台幣(TWD)	1公克	1218	1233	1225.5							1352.84 	1225.50 	1152.74 
20181022	新台幣(TWD)	1公克	1210	1225	1217.5							1352.84 	1217.50 	1152.74 
20181019	新台幣(TWD)	1公克	1208	1223	1215.5							1352.84 	1215.50 	1152.74 
20181018	新台幣(TWD)	1公克	1207	1222	1214.5							1352.84 	1214.50 	1152.74 
20181017	新台幣(TWD)	1公克	1203	1218	1210.5							1352.84 	1210.50 	1152.74 
20181016	新台幣(TWD)	1公克	1210	1225	1217.5							1352.84 	1217.50 	1152.74 
20181015	新台幣(TWD)	1公克	1212	1227	1219.5							1352.84 	1219.50 	1152.74 
20181012	新台幣(TWD)	1公克	1199	1214	1206.5							1352.84 	1206.50 	1152.74 
20181011	新台幣(TWD)	1公克	1190	1204	1197							1352.84 	1197.00 	1152.74 
20181009	新台幣(TWD)	1公克	1177	1191	1184							1352.84 	1184.00 	1152.74 
20181008	新台幣(TWD)	1公克	1182	1196	1189							1352.84 	1189.00 	1152.74 
20181005	新台幣(TWD)	1公克	1180	1194	1187							1352.84 	1187.00 	1152.74 
20181004	新台幣(TWD)	1公克	1179	1193	1186							1352.84 	1186.00 	1152.74 
20181003	新台幣(TWD)	1公克	1179	1193	1186							1352.84 	1186.00 	1152.74 
20181002	新台幣(TWD)	1公克	1170	1184	1177							1352.84 	1177.00 	1152.74 
20181001	新台幣(TWD)	1公克	1157	1171	1164							1352.84 	1164.00 	1152.74 
20180928	新台幣(TWD)	1公克	1154	1168	1161							1352.84 	1161.00 	1152.74 
20180927	新台幣(TWD)	1公克	1169	1183	1176							1352.84 	1176.00 	1152.74 
20180926	新台幣(TWD)	1公克	1177	1191	1184							1352.84 	1184.00 	1152.74 
20180925	新台幣(TWD)	1公克	1175	1189	1182							1352.84 	1182.00 	1152.74 
20180921	新台幣(TWD)	1公克	1185	1199	1192							1352.84 	1192.00 	1152.74 
20180920	新台幣(TWD)	1公克	1185	1199	1192							1352.84 	1192.00 	1152.74 
20180919	新台幣(TWD)	1公克	1185	1199	1192							1352.84 	1192.00 	1152.74 
20180918	新台幣(TWD)	1公克	1178	1192	1185							1352.84 	1185.00 	1152.74 
20180917	新台幣(TWD)	1公克	1177	1191	1184							1352.84 	1184.00 	1152.74 
20180914	新台幣(TWD)	1公克	1185	1199	1192							1352.84 	1192.00 	1152.74 
20180913	新台幣(TWD)	1公克	1185	1199	1192							1352.84 	1192.00 	1152.74 
20180912	新台幣(TWD)	1公克	1176	1190	1183							1352.84 	1183.00 	1152.74 
20180911	新台幣(TWD)	1公克	1179	1193	1186							1352.84 	1186.00 	1152.74 
20180910	新台幣(TWD)	1公克	1175	1189	1182							1352.84 	1182.00 	1152.74 
20180907	新台幣(TWD)	1公克	1179	1193	1186							1352.84 	1186.00 	1152.74 
20180906	新台幣(TWD)	1公克	1179	1193	1186							1352.84 	1186.00 	1152.74 
20180905	新台幣(TWD)	1公克	1174	1188	1181							1352.84 	1181.00 	1152.74 
20180904	新台幣(TWD)	1公克	1175	1189	1182							1352.84 	1182.00 	1152.74 
20180903	新台幣(TWD)	1公克	1178	1192	1185							1352.84 	1185.00 	1152.74 
20180831	新台幣(TWD)	1公克	1184	1198	1191							1352.84 	1191.00 	1152.74 
20180830	新台幣(TWD)	1公克	1181	1195	1188							1352.84 	1188.00 	1152.74 
20180829	新台幣(TWD)	1公克	1181	1195	1188							1352.84 	1188.00 	1152.74 
20180828	新台幣(TWD)	1公克	1190	1204	1197							1352.84 	1197.00 	1152.74 
20180827	新台幣(TWD)	1公克	1185	1199	1192							1352.84 	1192.00 	1152.74 
20180824	新台幣(TWD)	1公克	1171	1185	1178							1352.84 	1178.00 	1152.74 
20180823	新台幣(TWD)	1公克	1168	1182	1175							1352.84 	1175.00 	1152.74 
20180822	新台幣(TWD)	1公克	1171	1185	1178							1352.84 	1178.00 	1152.74 
20180821	新台幣(TWD)	1公克	1173	1187	1180							1352.84 	1180.00 	1152.74 
20180820	新台幣(TWD)	1公克	1167	1181	1174							1352.84 	1174.00 	1152.74 
20180817	新台幣(TWD)	1公克	1156	1170	1163							1352.84 	1163.00 	1152.74 
20180816	新台幣(TWD)	1公克	1158	1172	1165							1352.84 	1165.00 	1152.74 
20180815	新台幣(TWD)	1公克	1172	1186	1179							1352.84 	1179.00 	1152.74 
20180814	新台幣(TWD)	1公克	1176	1190	1183							1352.84 	1183.00 	1152.74 
20180813	新台幣(TWD)	1公克	1188	1202	1195							1352.84 	1195.00 	1152.74 
20180810	新台幣(TWD)	1公克	1185	1199	1192							1352.84 	1192.00 	1152.74 
20180809	新台幣(TWD)	1公克	1186	1200	1193							1352.84 	1193.00 	1152.74 
20180808	新台幣(TWD)	1公克	1189	1203	1196							1352.84 	1196.00 	1152.74 
20180807	新台幣(TWD)	1公克	1186	1200	1193							1352.84 	1193.00 	1152.74 
20180806	新台幣(TWD)	1公克	1186	1200	1193							1352.84 	1193.00 	1152.74 
20180803	新台幣(TWD)	1公克	1184	1198	1191							1352.84 	1191.00 	1152.74 
20180802	新台幣(TWD)	1公克	1194	1209	1201.5							1352.84 	1201.50 	1152.74 
20180801	新台幣(TWD)	1公克	1193	1208	1200.5							1352.84 	1200.50 	1152.74 
20180731	新台幣(TWD)	1公克	1194	1209	1201.5							1352.84 	1201.50 	1152.74 
20180730	新台幣(TWD)	1公克	1193	1208	1200.5							1352.84 	1200.50 	1152.74 
20180727	新台幣(TWD)	1公克	1196	1211	1203.5							1352.84 	1203.50 	1152.74 
20180726	新台幣(TWD)	1公克	1200	1215	1207.5							1352.84 	1207.50 	1152.74 
20180725	新台幣(TWD)	1公克	1200	1215	1207.5							1352.84 	1207.50 	1152.74 
20180724	新台幣(TWD)	1公克	1200	1215	1207.5							1352.84 	1207.50 	1152.74 
20180723	新台幣(TWD)	1公克	1202	1217	1209.5							1352.84 	1209.50 	1152.74 
20180720	新台幣(TWD)	1公克	1199	1214	1206.5							1352.84 	1206.50 	1152.74 
20180719	新台幣(TWD)	1公克	1195	1210	1202.5							1352.84 	1202.50 	1152.74 
20180718	新台幣(TWD)	1公克	1196	1211	1203.5							1352.84 	1203.50 	1152.74 
20180717	新台幣(TWD)	1公克	1212	1227	1219.5							1352.84 	1219.50 	1152.74 
20180716	新台幣(TWD)	1公克	1214	1229	1221.5							1352.84 	1221.50 	1152.74 
20180713	新台幣(TWD)	1公克	1213	1228	1220.5							1352.84 	1220.50 	1152.74 
20180712	新台幣(TWD)	1公克	1215	1230	1222.5							1352.84 	1222.50 	1152.74 
20180711	新台幣(TWD)	1公克	1218	1233	1225.5							1352.84 	1225.50 	1152.74 
20180710	新台幣(TWD)	1公克	1220	1235	1227.5							1352.84 	1227.50 	1152.74 
20180709	新台幣(TWD)	1公克	1223	1238	1230.5							1352.84 	1230.50 	1152.74 
20180706	新台幣(TWD)	1公克	1222	1237	1229.5							1352.84 	1229.50 	1152.74 
20180705	新台幣(TWD)	1公克	1224	1239	1231.5							1352.84 	1231.50 	1152.74 
20180704	新台幣(TWD)	1公克	1226	1241	1233.5							1352.84 	1233.50 	1152.74 
20180703	新台幣(TWD)	1公克	1215	1230	1222.5							1352.84 	1222.50 	1152.74 
20180702	新台幣(TWD)	1公克	1217	1232	1224.5							1352.84 	1224.50 	1152.74 
20180629	新台幣(TWD)	1公克	1218	1233	1225.5							1352.84 	1225.50 	1152.74 
20180628	新台幣(TWD)	1公克	1221	1236	1228.5							1352.84 	1228.50 	1152.74 
20180627	新台幣(TWD)	1公克	1224	1239	1231.5							1352.84 	1231.50 	1152.74 
20180626	新台幣(TWD)	1公克	1228	1243	1235.5							1352.84 	1235.50 	1152.74 
20180625	新台幣(TWD)	1公克	1230	1245	1237.5							1352.84 	1237.50 	1152.74 
20180622	新台幣(TWD)	1公克	1229	1244	1236.5							1352.84 	1236.50 	1152.74 
20180621	新台幣(TWD)	1公克	1224	1239	1231.5							1352.84 	1231.50 	1152.74 
20180620	新台幣(TWD)	1公克	1227	1242	1234.5							1352.84 	1234.50 	1152.74 
20180619	新台幣(TWD)	1公克	1234	1249	1241.5							1352.84 	1241.50 	1152.74 
20180615	新台幣(TWD)	1公克	1243	1258	1250.5							1352.84 	1250.50 	1152.74 
20180614	新台幣(TWD)	1公克	1245	1260	1252.5							1352.84 	1252.50 	1152.74 
20180613	新台幣(TWD)	1公克	1236	1251	1243.5							1352.84 	1243.50 	1152.74 
20180612	新台幣(TWD)	1公克	1237	1252	1244.5							1352.84 	1244.50 	1152.74 
20180611	新台幣(TWD)	1公克	1234	1249	1241.5							1352.84 	1241.50 	1152.74 
20180608	新台幣(TWD)	1公克	1232	1247	1239.5							1352.84 	1239.50 	1152.74 
20180607	新台幣(TWD)	1公克	1231	1246	1238.5							1352.84 	1238.50 	1152.74 
20180606	新台幣(TWD)	1公克	1234	1249	1241.5							1352.84 	1241.50 	1152.74 
20180605	新台幣(TWD)	1公克	1230	1245	1237.5							1352.84 	1237.50 	1152.74 
20180604	新台幣(TWD)	1公克	1233	1248	1240.5							1352.84 	1240.50 	1152.74 
20180601	新台幣(TWD)	1公克	1240	1255	1247.5							1352.84 	1247.50 	1152.74 
20180531	新台幣(TWD)	1公克	1248	1263	1255.5							1352.84 	1255.50 	1152.74 
20180530	新台幣(TWD)	1公克	1245	1260	1252.5							1352.84 	1252.50 	1152.74 
20180529	新台幣(TWD)	1公克	1241	1256	1248.5							1352.84 	1248.50 	1152.74 
20180528	新台幣(TWD)	1公克	1238	1253	1245.5							1352.84 	1245.50 	1152.74 
20180525	新台幣(TWD)	1公克	1246	1261	1253.5							1352.84 	1253.50 	1152.74 
20180524	新台幣(TWD)	1公克	1240	1255	1247.5							1352.84 	1247.50 	1152.74 
20180523	新台幣(TWD)	1公克	1233	1248	1240.5							1352.84 	1240.50 	1152.74 
20180522	新台幣(TWD)	1公克	1232	1247	1239.5							1352.84 	1239.50 	1152.74 
20180521	新台幣(TWD)	1公克	1229	1244	1236.5							1352.84 	1236.50 	1152.74 
20180518	新台幣(TWD)	1公克	1233	1248	1240.5							1352.84 	1240.50 	1152.74 
20180517	新台幣(TWD)	1公克	1232	1247	1239.5							1352.84 	1239.50 	1152.74 
20180516	新台幣(TWD)	1公克	1236	1251	1243.5							1352.84 	1243.50 	1152.74 
20180515	新台幣(TWD)	1公克	1250	1265	1257.5							1352.84 	1257.50 	1152.74 
20180514	新台幣(TWD)	1公克	1255	1270	1262.5							1352.84 	1262.50 	1152.74 
20180511	新台幣(TWD)	1公克	1256	1271	1263.5							1352.84 	1263.50 	1152.74 
20180510	新台幣(TWD)	1公克	1252	1267	1259.5							1352.84 	1259.50 	1152.74 
20180509	新台幣(TWD)	1公克	1248	1263	1255.5							1352.84 	1255.50 	1152.74 
20180508	新台幣(TWD)	1公克	1250	1265	1257.5							1352.84 	1257.50 	1152.74 
20180507	新台幣(TWD)	1公克	1248	1263	1255.5							1352.84 	1255.50 	1152.74 
20180504	新台幣(TWD)	1公克	1244	1259	1251.5							1352.84 	1251.50 	1152.74 
20180503	新台幣(TWD)	1公克	1243	1258	1250.5							1352.84 	1250.50 	1152.74 
20180502	新台幣(TWD)	1公克	1246	1261	1253.5							1352.84 	1253.50 	1152.74 
20180430	新台幣(TWD)	1公克	1245	1260	1252.5							1352.84 	1252.50 	1152.74 
20180427	新台幣(TWD)	1公克	1245	1260	1252.5							1352.84 	1252.50 	1152.74 
20180426	新台幣(TWD)	1公克	1258	1273	1265.5							1352.84 	1265.50 	1152.74 
20180425	新台幣(TWD)	1公克	1255	1270	1262.5							1352.84 	1262.50 	1152.74 
20180424	新台幣(TWD)	1公克	1255	1270	1262.5							1352.84 	1262.50 	1152.74 
20180423	新台幣(TWD)	1公克	1256	1271	1263.5							1352.84 	1263.50 	1152.74 
20180420	新台幣(TWD)	1公克	1261	1276	1268.5							1352.84 	1268.50 	1152.74 
20180419	新台幣(TWD)	1公克	1269	1284	1276.5							1352.84 	1276.50 	1152.74 
20180418	新台幣(TWD)	1公克	1259	1274	1266.5							1352.84 	1266.50 	1152.74 
20180417	新台幣(TWD)	1公克	1264	1279	1271.5							1352.84 	1271.50 	1152.74 
20180416	新台幣(TWD)	1公克	1260	1275	1267.5							1352.84 	1267.50 	1152.74 
20180413	新台幣(TWD)	1公克	1251	1266	1258.5							1352.84 	1258.50 	1152.74 
20180412	新台幣(TWD)	1公克	1262	1277	1269.5							1352.84 	1269.50 	1152.74 
20180411	新台幣(TWD)	1公克	1253	1268	1260.5							1352.84 	1260.50 	1152.74 
20180410	新台幣(TWD)	1公克	1244	1259	1251.5							1352.84 	1251.50 	1152.74 
20180409	新台幣(TWD)	1公克	1240	1255	1247.5							1352.84 	1247.50 	1152.74 
20180403	新台幣(TWD)	1公克	1248	1263	1255.5							1352.84 	1255.50 	1152.74 
20180402	新台幣(TWD)	1公克	1239	1254	1246.5							1352.84 	1246.50 	1152.74 
20180331	新台幣(TWD)	1公克	1235	1250	1242.5							1352.84 	1242.50 	1152.74 
20180330	新台幣(TWD)	1公克	1234	1249	1241.5							1352.84 	1241.50 	1152.74 
20180329	新台幣(TWD)	1公克	1233	1248	1240.5							1352.84 	1240.50 	1152.74 
20180328	新台幣(TWD)	1公克	1248	1263	1255.5							1352.84 	1255.50 	1152.74 
20180327	新台幣(TWD)	1公克	1260	1275	1267.5							1352.84 	1267.50 	1152.74 
20180326	新台幣(TWD)	1公克	1252	1267	1259.5							1352.84 	1259.50 	1152.74 
20180323	新台幣(TWD)	1公克	1249	1264	1256.5							1352.84 	1256.50 	1152.74 
20180322	新台幣(TWD)	1公克	1239	1254	1246.5							1352.84 	1246.50 	1152.74 
20180321	新台幣(TWD)	1公克	1227	1242	1234.5							1352.84 	1234.50 	1152.74 
20180320	新台幣(TWD)	1公克	1226	1241	1233.5							1352.84 	1233.50 	1152.74 
20180319	新台幣(TWD)	1公克	1221	1236	1228.5							1352.84 	1228.50 	1152.74 
20180316	新台幣(TWD)	1公克	1228	1243	1235.5							1352.84 	1235.50 	1152.74 
20180315	新台幣(TWD)	1公克	1236	1251	1243.5							1352.84 	1243.50 	1152.74 
20180314	新台幣(TWD)	1公克	1238	1253	1245.5							1352.84 	1245.50 	1152.74 
20180313	新台幣(TWD)	1公克	1233	1248	1240.5							1352.84 	1240.50 	1152.74 
20180312	新台幣(TWD)	1公克	1236	1251	1243.5							1352.84 	1243.50 	1152.74 
20180309	新台幣(TWD)	1公克	1235	1250	1242.5							1352.84 	1242.50 	1152.74 
20180308	新台幣(TWD)	1公克	1242	1257	1249.5							1352.84 	1249.50 	1152.74 
20180307	新台幣(TWD)	1公克	1244	1259	1251.5							1352.84 	1251.50 	1152.74 
20180306	新台幣(TWD)	1公克	1235	1250	1242.5							1352.84 	1242.50 	1152.74 
20180305	新台幣(TWD)	1公克	1240	1255	1247.5							1352.84 	1247.50 	1152.74 
20180302	新台幣(TWD)	1公克	1233	1248	1240.5							1352.84 	1240.50 	1152.74 
20180301	新台幣(TWD)	1公克	1230	1245	1237.5							1352.84 	1237.50 	1152.74 
20180227	新台幣(TWD)	1公克	1244	1259	1251.5							1352.84 	1251.50 	1152.74 
20180226	新台幣(TWD)	1公克	1249	1264	1256.5							1352.84 	1256.50 	1152.74 
20180223	新台幣(TWD)	1公克	1242	1257	1249.5							1352.84 	1249.50 	1152.74 
20180222	新台幣(TWD)	1公克	1236	1251	1243.5							1352.84 	1243.50 	1152.74 
20180221	新台幣(TWD)	1公克	1239	1254	1246.5							1352.84 	1246.50 	1152.74 
20180214	新台幣(TWD)	1公克	1248	1263	1255.5							1352.84 	1255.50 	1152.74 
20180213	新台幣(TWD)	1公克	1244	1259	1251.5							1352.84 	1251.50 	1152.74 
20180212	新台幣(TWD)	1公克	1242	1257	1249.5							1352.84 	1249.50 	1152.74 
20180209	新台幣(TWD)	1公克	1240	1255	1247.5							1352.84 	1247.50 	1152.74 
20180208	新台幣(TWD)	1公克	1232	1247	1239.5							1352.84 	1239.50 	1152.74 
20180207	新台幣(TWD)	1公克	1244	1259	1251.5							1352.84 	1251.50 	1152.74 
20180206	新台幣(TWD)	1公克	1259	1274	1266.5							1352.84 	1266.50 	1152.74 
20180205	新台幣(TWD)	1公克	1246	1261	1253.5							1352.84 	1253.50 	1152.74 
20180202	新台幣(TWD)	1公克	1258	1273	1265.5							1352.84 	1265.50 	1152.74 
20180201	新台幣(TWD)	1公克	1249	1264	1256.5							1352.84 	1256.50 	1152.74 
20180131	新台幣(TWD)	1公克	1249	1264	1256.5							1352.84 	1256.50 	1152.74 
20180130	新台幣(TWD)	1公克	1246	1261	1253.5							1352.84 	1253.50 	1152.74 
20180129	新台幣(TWD)	1公克	1254	1269	1261.5							1352.84 	1261.50 	1152.74 
20180126	新台幣(TWD)	1公克	1259	1274	1266.5							1352.84 	1266.50 	1152.74 
20180125	新台幣(TWD)	1公克	1262	1277	1269.5							1352.84 	1269.50 	1152.74 
20180124	新台幣(TWD)	1公克	1253	1268	1260.5							1352.84 	1260.50 	1152.74 
20180123	新台幣(TWD)	1公克	1248	1263	1255.5							1352.84 	1255.50 	1152.74 
20180122	新台幣(TWD)	1公克	1245	1260	1252.5							1352.84 	1252.50 	1152.74 
20180119	新台幣(TWD)	1公克	1250	1265	1257.5							1352.84 	1257.50 	1152.74 
20180118	新台幣(TWD)	1公克	1251	1266	1258.5							1352.84 	1258.50 	1152.74 
20180117	新台幣(TWD)	1公克	1258	1273	1265.5							1352.84 	1265.50 	1152.74 
20180116	新台幣(TWD)	1公克	1263	1278	1270.5							1352.84 	1270.50 	1152.74 
20180115	新台幣(TWD)	1公克	1265	1280	1272.5							1352.84 	1272.50 	1152.74 
20180112	新台幣(TWD)	1公克	1255	1270	1262.5							1352.84 	1262.50 	1152.74 
20180111	新台幣(TWD)	1公克	1246	1261	1253.5							1352.84 	1253.50 	1152.74 
20180110	新台幣(TWD)	1公克	1238	1253	1245.5							1352.84 	1245.50 	1152.74 
20180109	新台幣(TWD)	1公克	1242	1257	1249.5							1352.84 	1249.50 	1152.74 
20180108	新台幣(TWD)	1公克	1241	1256	1248.5							1352.84 	1248.50 	1152.74 
20180105	新台幣(TWD)	1公克	1242	1257	1249.5							1352.84 	1249.50 	1152.74 
20180104	新台幣(TWD)	1公克	1236	1251	1243.5							1352.84 	1243.50 	1152.74 
20180103	新台幣(TWD)	1公克	1239	1254	1246.5							1352.84 	1246.50 	1152.74 
20180102	新台幣(TWD)	1公克	1237	1252	1244.5							1352.84 	1244.50 	1152.74 
20171229	新台幣(TWD)	1公克	1230	1245	1237.5							1352.84 	1237.50 	1152.74 
20171228	新台幣(TWD)	1公克	1228	1243	1235.5							1352.84 	1235.50 	1152.74 
20171227	新台幣(TWD)	1公克	1227	1242	1234.5							1352.84 	1234.50 	1152.74 
20171226	新台幣(TWD)	1公克	1219	1237	1228							1352.84 	1228.00 	1152.74 
20171225	新台幣(TWD)	1公克	1218	1237	1227.5							1352.84 	1227.50 	1152.74 
20171222	新台幣(TWD)	1公克	1212	1227	1219.5							1352.84 	1219.50 	1152.74 
20171221	新台幣(TWD)	1公克	1213	1228	1220.5							1352.84 	1220.50 	1152.74 
20171220	新台幣(TWD)	1公克	1210	1225	1217.5							1352.84 	1217.50 	1152.74 
20171219	新台幣(TWD)	1公克	1210	1225	1217.5							1352.84 	1217.50 	1152.74 
20171218	新台幣(TWD)	1公克	1204	1219	1211.5							1352.84 	1211.50 	1152.74 
20171215	新台幣(TWD)	1公克	1203	1218	1210.5							1352.84 	1210.50 	1152.74 
20171214	新台幣(TWD)	1公克	1205	1220	1212.5							1352.84 	1212.50 	1152.74 
20171213	新台幣(TWD)	1公克	1192	1207	1199.5							1352.84 	1199.50 	1152.74 
20171212	新台幣(TWD)	1公克	1195	1210	1202.5							1352.84 	1202.50 	1152.74 
20171211	新台幣(TWD)	1公克	1200	1215	1207.5							1352.84 	1207.50 	1152.74 
20171208	新台幣(TWD)	1公克	1197	1212	1204.5							1352.84 	1204.50 	1152.74 
20171207	新台幣(TWD)	1公克	1206	1221	1213.5							1352.84 	1213.50 	1152.74 
20171206	新台幣(TWD)	1公克	1215	1230	1222.5							1352.84 	1222.50 	1152.74 
20171205	新台幣(TWD)	1公克	1222	1237	1229.5							1352.84 	1229.50 	1152.74 
20171204	新台幣(TWD)	1公克	1223	1238	1230.5							1352.84 	1230.50 	1152.74 
20171201	新台幣(TWD)	1公克	1223	1238	1230.5							1352.84 	1230.50 	1152.74 
20171130	新台幣(TWD)	1公克	1230	1245	1237.5							1352.84 	1237.50 	1152.74 
20171129	新台幣(TWD)	1公克	1240	1255	1247.5							1352.84 	1247.50 	1152.74 
20171128	新台幣(TWD)	1公克	1238	1253	1245.5							1352.84 	1245.50 	1152.74 
20171127	新台幣(TWD)	1公克	1236	1251	1243.5							1352.84 	1243.50 	1152.74 
20171124	新台幣(TWD)	1公克	1235	1250	1242.5							1352.84 	1242.50 	1152.74 
20171123	新台幣(TWD)	1公克	1236	1251	1243.5							1352.84 	1243.50 	1152.74 
20171122	新台幣(TWD)	1公克	1229	1244	1236.5							1352.84 	1236.50 	1152.74 
20171121	新台幣(TWD)	1公克	1229	1244	1236.5							1352.84 	1236.50 	1152.74 
20171120	新台幣(TWD)	1公克	1239	1254	1246.5							1352.84 	1246.50 	1152.74 
20171117	新台幣(TWD)	1公克	1232	1247	1239.5							1352.84 	1239.50 	1152.74 
20171116	新台幣(TWD)	1公克	1229	1244	1236.5							1352.84 	1236.50 	1152.74 
20171115	新台幣(TWD)	1公克	1235	1250	1242.5							1352.84 	1242.50 	1152.74 
20171114	新台幣(TWD)	1公克	1231	1246	1238.5							1352.84 	1238.50 	1152.74 
20171113	新台幣(TWD)	1公克	1231	1246	1238.5							1352.84 	1238.50 	1152.74 
20171110	新台幣(TWD)	1公克	1238	1253	1245.5							1352.84 	1245.50 	1152.74 
20171109	新台幣(TWD)	1公克	1237	1252	1244.5							1352.84 	1244.50 	1152.74 
20171108	新台幣(TWD)	1公克	1233	1248	1240.5							1352.84 	1240.50 	1152.74 
20171107	新台幣(TWD)	1公克	1232	1247	1239.5							1352.84 	1239.50 	1152.74 
20171106	新台幣(TWD)	1公克	1224	1239	1231.5							1352.84 	1231.50 	1152.74 
20171103	新台幣(TWD)	1公克	1229	1244	1236.5							1352.84 	1236.50 	1152.74 
20171102	新台幣(TWD)	1公克	1233	1248	1240.5							1352.84 	1240.50 	1152.74 
20171101	新台幣(TWD)	1公克	1229	1244	1236.5							1352.84 	1236.50 	1152.74 
20171031	新台幣(TWD)	1公克	1230	1245	1237.5							1352.84 	1237.50 	1152.74 
20171030	新台幣(TWD)	1公克	1224	1239	1231.5							1352.84 	1231.50 	1152.74 
20171027	新台幣(TWD)	1公克	1224	1239	1231.5							1352.84 	1231.50 	1152.74 
20171026	新台幣(TWD)	1公克	1236	1251	1243.5							1352.84 	1243.50 	1152.74 
20171025	新台幣(TWD)	1公克	1231	1246	1238.5							1352.84 	1238.50 	1152.74 
20171024	新台幣(TWD)	1公克	1237	1252	1244.5							1352.84 	1244.50 	1152.74 
20171023	新台幣(TWD)	1公克	1233	1248	1240.5							1352.84 	1240.50 	1152.74 
20171020	新台幣(TWD)	1公克	1239	1254	1246.5							1352.84 	1246.50 	1152.74 
20171019	新台幣(TWD)	1公克	1237	1252	1244.5							1352.84 	1244.50 	1152.74 
20171018	新台幣(TWD)	1公克	1238	1253	1245.5							1352.84 	1245.50 	1152.74 
20171017	新台幣(TWD)	1公克	1244	1259	1251.5							1352.84 	1251.50 	1152.74 
20171016	新台幣(TWD)	1公克	1256	1271	1263.5							1352.84 	1263.50 	1152.74 
20171013	新台幣(TWD)	1公克	1250	1265	1257.5							1352.84 	1257.50 	1152.74 
20171012	新台幣(TWD)	1公克	1250	1265	1257.5							1352.84 	1257.50 	1152.74 
20171011	新台幣(TWD)	1公克	1245	1260	1252.5							1352.84 	1252.50 	1152.74 
20171006	新台幣(TWD)	1公克	1230	1245	1237.5							1352.84 	1237.50 	1152.74 
20171005	新台幣(TWD)	1公克	1237	1252	1244.5							1352.84 	1244.50 	1152.74 
20171003	新台幣(TWD)	1公克	1236	1251	1243.5							1352.84 	1243.50 	1152.74 
20171002	新台幣(TWD)	1公克	1236	1251	1243.5							1352.84 	1243.50 	1152.74 
20170930	新台幣(TWD)	1公克	1237	1256	1246.5							1352.84 	1246.50 	1152.74 
20170929	新台幣(TWD)	1公克	1248	1263	1255.5							1352.84 	1255.50 	1152.74 
20170928	新台幣(TWD)	1公克	1242	1257	1249.5							1352.84 	1249.50 	1152.74 
20170927	新台幣(TWD)	1公克	1249	1264	1256.5							1352.84 	1256.50 	1152.74 
20170926	新台幣(TWD)	1公克	1262	1277	1269.5							1352.84 	1269.50 	1152.74 
20170925	新台幣(TWD)	1公克	1246	1261	1253.5							1352.84 	1253.50 	1152.74 
20170922	新台幣(TWD)	1公克	1251	1266	1258.5							1352.84 	1258.50 	1152.74 
20170921	新台幣(TWD)	1公克	1249	1264	1256.5							1352.84 	1256.50 	1152.74 
20170920	新台幣(TWD)	1公克	1262	1277	1269.5							1352.84 	1269.50 	1152.74 
20170919	新台幣(TWD)	1公克	1258	1273	1265.5							1352.84 	1265.50 	1152.74 
20170918	新台幣(TWD)	1公克	1264	1279	1271.5							1352.84 	1271.50 	1152.74 
20170915	新台幣(TWD)	1公克	1272	1288	1280							1352.84 	1280.00 	1152.74 
20170914	新台幣(TWD)	1公克	1269	1285	1277							1352.84 	1277.00 	1152.74 
20170913	新台幣(TWD)	1公克	1276	1292	1284							1352.84 	1284.00 	1152.74 
20170912	新台幣(TWD)	1公克	1270	1286	1278							1352.84 	1278.00 	1152.74 
20170911	新台幣(TWD)	1公克	1277	1293	1285							1352.84 	1285.00 	1152.74 
20170908	新台幣(TWD)	1公克	1294	1310	1302							1352.84 	1302.00 	1152.74 
20170907	新台幣(TWD)	1公克	1282	1298	1290							1352.84 	1290.00 	1152.74 
20170906	新台幣(TWD)	1公克	1285	1301	1293							1352.84 	1293.00 	1152.74 
20170905	新台幣(TWD)	1公克	1279	1295	1287							1352.84 	1287.00 	1152.74 
20170904	新台幣(TWD)	1公克	1284	1300	1292							1352.84 	1292.00 	1152.74 
20170901	新台幣(TWD)	1公克	1269	1284	1276.5							1352.84 	1276.50 	1152.74 
20170831	新台幣(TWD)	1公克	1258	1273	1265.5							1352.84 	1265.50 	1152.74 
20170830	新台幣(TWD)	1公克	1258	1273	1265.5							1352.84 	1265.50 	1152.74 
20170829	新台幣(TWD)	1公克	1271	1287	1279							1352.84 	1279.00 	1152.74 
20170828	新台幣(TWD)	1公克	1249	1264	1256.5							1352.84 	1256.50 	1152.74 
20170825	新台幣(TWD)	1公克	1241	1256	1248.5							1352.84 	1248.50 	1152.74 
20170824	新台幣(TWD)	1公克	1243	1258	1250.5							1352.84 	1250.50 	1152.74 
20170823	新台幣(TWD)	1公克	1242	1257	1249.5							1352.84 	1249.50 	1152.74 
20170822	新台幣(TWD)	1公克	1242	1257	1249.5							1352.84 	1249.50 	1152.74 
20170821	新台幣(TWD)	1公克	1246	1261	1253.5							1352.84 	1253.50 	1152.74 
20170818	新台幣(TWD)	1公克	1251	1266	1258.5							1352.84 	1258.50 	1152.74 
20170817	新台幣(TWD)	1公克	1245	1260	1252.5							1352.84 	1252.50 	1152.74 
20170816	新台幣(TWD)	1公克	1230	1245	1237.5							1352.84 	1237.50 	1152.74 
20170815	新台幣(TWD)	1公克	1232	1247	1239.5							1352.84 	1239.50 	1152.74 
20170814	新台幣(TWD)	1公克	1243	1258	1250.5							1352.84 	1250.50 	1152.74 
20170811	新台幣(TWD)	1公克	1246	1261	1253.5							1352.84 	1253.50 	1152.74 
20170810	新台幣(TWD)	1公克	1237	1252	1244.5							1352.84 	1244.50 	1152.74 
20170809	新台幣(TWD)	1公克	1223	1238	1230.5							1352.84 	1230.50 	1152.74 
20170808	新台幣(TWD)	1公克	1214	1229	1221.5							1352.84 	1221.50 	1152.74 
20170807	新台幣(TWD)	1公克	1213	1228	1220.5							1352.84 	1220.50 	1152.74 
20170804	新台幣(TWD)	1公克	1223	1238	1230.5							1352.84 	1230.50 	1152.74 
20170803	新台幣(TWD)	1公克	1216	1231	1223.5							1352.84 	1223.50 	1152.74 
20170802	新台幣(TWD)	1公克	1221	1236	1228.5							1352.84 	1228.50 	1152.74 
20170801	新台幣(TWD)	1公克	1224	1239	1231.5							1352.84 	1231.50 	1152.74 
20170731	新台幣(TWD)	1公克	1221	1236	1228.5							1352.84 	1228.50 	1152.74 
20170728	新台幣(TWD)	1公克	1216	1231	1223.5							1352.84 	1223.50 	1152.74 
20170727	新台幣(TWD)	1公克	1217	1232	1224.5							1352.84 	1224.50 	1152.74 
20170726	新台幣(TWD)	1公克	1207	1222	1214.5							1352.84 	1214.50 	1152.74 
20170725	新台幣(TWD)	1公克	1216	1231	1223.5							1352.84 	1223.50 	1152.74 
20170724	新台幣(TWD)	1公克	1213	1228	1220.5							1352.84 	1220.50 	1152.74 
20170721	新台幣(TWD)	1公克	1211	1226	1218.5							1352.84 	1218.50 	1152.74 
20170720	新台幣(TWD)	1公克	1204	1219	1211.5							1352.84 	1211.50 	1152.74 
20170719	新台幣(TWD)	1公克	1202	1217	1209.5							1352.84 	1209.50 	1152.74 
20170718	新台幣(TWD)	1公克	1198	1213	1205.5							1352.84 	1205.50 	1152.74 
20170717	新台幣(TWD)	1公克	1196	1211	1203.5							1352.84 	1203.50 	1152.74 
20170714	新台幣(TWD)	1公克	1184	1198	1191							1352.84 	1191.00 	1152.74 
20170713	新台幣(TWD)	1公克	1187	1201	1194							1352.84 	1194.00 	1152.74 
20170712	新台幣(TWD)	1公克	1187	1201	1194							1352.84 	1194.00 	1152.74 
20170711	新台幣(TWD)	1公克	1182	1196	1189							1352.84 	1189.00 	1152.74 
20170710	新台幣(TWD)	1公克	1179	1193	1186							1352.84 	1186.00 	1152.74 
20170707	新台幣(TWD)	1公克	1194	1209	1201.5							1352.84 	1201.50 	1152.74 
20170706	新台幣(TWD)	1公克	1196	1211	1203.5							1352.84 	1203.50 	1152.74 
20170705	新台幣(TWD)	1公克	1194	1209	1201.5							1352.84 	1201.50 	1152.74 
20170704	新台幣(TWD)	1公克	1194	1209	1201.5							1352.84 	1201.50 	1152.74 
20170703	新台幣(TWD)	1公克	1200	1215	1207.5							1352.84 	1207.50 	1152.74 
20170630	新台幣(TWD)	1公克	1208	1223	1215.5							1352.84 	1215.50 	1152.74 
20170629	新台幣(TWD)	1公克	1213	1228	1220.5							1352.84 	1220.50 	1152.74 
20170628	新台幣(TWD)	1公克	1215	1230	1222.5							1352.84 	1222.50 	1152.74 
20170627	新台幣(TWD)	1公克	1212	1227	1219.5							1352.84 	1219.50 	1152.74 
20170626	新台幣(TWD)	1公克	1214	1229	1221.5							1352.84 	1221.50 	1152.74 
20170623	新台幣(TWD)	1公克	1217	1232	1224.5							1352.84 	1224.50 	1152.74 
20170622	新台幣(TWD)	1公克	1218	1233	1225.5							1352.84 	1225.50 	1152.74 
20170621	新台幣(TWD)	1公克	1212	1227	1219.5							1352.84 	1219.50 	1152.74 
20170620	新台幣(TWD)	1公克	1210	1225	1217.5							1352.84 	1217.50 	1152.74 
20170619	新台幣(TWD)	1公克	1212	1227	1219.5							1352.84 	1219.50 	1152.74 
20170616	新台幣(TWD)	1公克	1217	1232	1224.5							1352.84 	1224.50 	1152.74 
20170615	新台幣(TWD)	1公克	1218	1233	1225.5							1352.84 	1225.50 	1152.74 
20170614	新台幣(TWD)	1公克	1224	1239	1231.5							1352.84 	1231.50 	1152.74 
20170613	新台幣(TWD)	1公克	1220	1235	1227.5							1352.84 	1227.50 	1152.74 
20170612	新台幣(TWD)	1公克	1220	1235	1227.5							1352.84 	1227.50 	1152.74 
20170609	新台幣(TWD)	1公克	1222	1237	1229.5							1352.84 	1229.50 	1152.74 
20170608	新台幣(TWD)	1公克	1236	1251	1243.5							1352.84 	1243.50 	1152.74 
20170607	新台幣(TWD)	1公克	1240	1255	1247.5							1352.84 	1247.50 	1152.74 
20170606	新台幣(TWD)	1公克	1237	1252	1244.5							1352.84 	1244.50 	1152.74 
20170605	新台幣(TWD)	1公克	1230	1245	1237.5							1352.84 	1237.50 	1152.74 
20170603	新台幣(TWD)	1公克	1226	1244	1235							1352.84 	1235.00 	1152.74 
20170602	新台幣(TWD)	1公克	1212	1227	1219.5							1352.84 	1219.50 	1152.74 
20170601	新台幣(TWD)	1公克	1217	1232	1224.5							1352.84 	1224.50 	1152.74 
20170531	新台幣(TWD)	1公克	1211	1226	1218.5							1352.84 	1218.50 	1152.74 
20170526	新台幣(TWD)	1公克	1213	1228	1220.5							1352.84 	1220.50 	1152.74 
20170525	新台幣(TWD)	1公克	1207	1222	1214.5							1352.84 	1214.50 	1152.74 
20170524	新台幣(TWD)	1公克	1205	1220	1212.5							1352.84 	1212.50 	1152.74 
20170523	新台幣(TWD)	1公克	1213	1228	1220.5							1352.84 	1220.50 	1152.74 
20170522	新台幣(TWD)	1公克	1204	1219	1211.5							1352.84 	1211.50 	1152.74 
20170519	新台幣(TWD)	1公克	1206	1221	1213.5							1352.84 	1213.50 	1152.74 
20170518	新台幣(TWD)	1公克	1211	1226	1218.5							1352.84 	1218.50 	1152.74 
20170517	新台幣(TWD)	1公克	1196	1211	1203.5							1352.84 	1203.50 	1152.74 
20170516	新台幣(TWD)	1公克	1189	1203	1196							1352.84 	1196.00 	1152.74 
20170515	新台幣(TWD)	1公克	1187	1201	1194							1352.84 	1194.00 	1152.74 
20170512	新台幣(TWD)	1公克	1185	1199	1192							1352.84 	1192.00 	1152.74 
20170511	新台幣(TWD)	1公克	1179	1193	1186							1352.84 	1186.00 	1152.74 
20170510	新台幣(TWD)	1公克	1181	1195	1188							1352.84 	1188.00 	1152.74 
20170509	新台幣(TWD)	1公克	1187	1201	1194							1352.84 	1194.00 	1152.74 
20170508	新台幣(TWD)	1公克	1186	1200	1193							1352.84 	1193.00 	1152.74 
20170505	新台幣(TWD)	1公克	1188	1202	1195							1352.84 	1195.00 	1152.74 
20170504	新台幣(TWD)	1公克	1189	1203	1196							1352.84 	1196.00 	1152.74 
20170503	新台幣(TWD)	1公克	1205	1219	1212							1352.84 	1212.00 	1152.74 
20170502	新台幣(TWD)	1公克	1206	1221	1213.5							1352.84 	1213.50 	1152.74 
20170428	新台幣(TWD)	1公克	1220	1235	1227.5							1352.84 	1227.50 	1152.74 
20170427	新台幣(TWD)	1公克	1217	1232	1224.5							1352.84 	1224.50 	1152.74 
20170426	新台幣(TWD)	1公克	1214	1229	1221.5							1352.84 	1221.50 	1152.74 
20170425	新台幣(TWD)	1公克	1224	1239	1231.5							1352.84 	1231.50 	1152.74 
20170424	新台幣(TWD)	1公克	1228	1243	1235.5							1352.84 	1235.50 	1152.74 
20170421	新台幣(TWD)	1公克	1239	1254	1246.5							1352.84 	1246.50 	1152.74 
20170420	新台幣(TWD)	1公克	1243	1258	1250.5							1352.84 	1250.50 	1152.74 
20170419	新台幣(TWD)	1公克	1247	1262	1254.5							1352.84 	1254.50 	1152.74 
20170418	新台幣(TWD)	1公克	1245	1260	1252.5							1352.84 	1252.50 	1152.74 
20170417	新台幣(TWD)	1公克	1245	1264	1254.5							1352.84 	1254.50 	1152.74 
20170414	新台幣(TWD)	1公克	1246	1265	1255.5							1352.84 	1255.50 	1152.74 
20170413	新台幣(TWD)	1公克	1244	1259	1251.5							1352.84 	1251.50 	1152.74 
20170412	新台幣(TWD)	1公克	1243	1258	1250.5							1352.84 	1250.50 	1152.74 
20170411	新台幣(TWD)	1公克	1230	1245	1237.5							1352.84 	1237.50 	1152.74 
20170410	新台幣(TWD)	1公克	1226	1241	1233.5							1352.84 	1233.50 	1152.74 
20170407	新台幣(TWD)	1公克	1234	1249	1241.5							1352.84 	1241.50 	1152.74 
20170406	新台幣(TWD)	1公克	1222	1237	1229.5							1352.84 	1229.50 	1152.74 
20170405	新台幣(TWD)	1公克	1217	1232	1224.5							1352.84 	1224.50 	1152.74 
20170331	新台幣(TWD)	1公克	1205	1220	1212.5							1352.84 	1212.50 	1152.74 
20170330	新台幣(TWD)	1公克	1210	1225	1217.5							1352.84 	1217.50 	1152.74 
20170329	新台幣(TWD)	1公克	1208	1223	1215.5							1352.84 	1215.50 	1152.74 
20170328	新台幣(TWD)	1公克	1207	1222	1214.5							1352.84 	1214.50 	1152.74 
20170327	新台幣(TWD)	1公克	1215	1230	1222.5							1352.84 	1222.50 	1152.74 
20170324	新台幣(TWD)	1公克	1210	1225	1217.5							1352.84 	1217.50 	1152.74 
20170323	新台幣(TWD)	1公克	1214	1229	1221.5							1352.84 	1221.50 	1152.74 
20170322	新台幣(TWD)	1公克	1214	1229	1221.5							1352.84 	1221.50 	1152.74 
20170321	新台幣(TWD)	1公克	1196	1211	1203.5							1352.84 	1203.50 	1152.74 
20170320	新台幣(TWD)	1公克	1204	1219	1211.5							1352.84 	1211.50 	1152.74 
20170317	新台幣(TWD)	1公克	1200	1215	1207.5							1352.84 	1207.50 	1152.74 
20170316	新台幣(TWD)	1公克	1202	1216	1209							1352.84 	1209.00 	1152.74 
20170315	新台幣(TWD)	1公克	1188	1202	1195							1352.84 	1195.00 	1152.74 
20170314	新台幣(TWD)	1公克	1189	1203	1196							1352.84 	1196.00 	1152.74 
20170313	新台幣(TWD)	1公克	1196	1211	1203.5							1352.84 	1203.50 	1152.74 
20170310	新台幣(TWD)	1公克	1188	1202	1195							1352.84 	1195.00 	1152.74 
20170309	新台幣(TWD)	1公克	1195	1210	1202.5							1352.84 	1202.50 	1152.74 
20170308	新台幣(TWD)	1公克	1199	1214	1206.5							1352.84 	1206.50 	1152.74 
20170307	新台幣(TWD)	1公克	1208	1223	1215.5							1352.84 	1215.50 	1152.74 
20170306	新台幣(TWD)	1公克	1220	1235	1227.5							1352.84 	1227.50 	1152.74 
20170303	新台幣(TWD)	1公克	1219	1234	1226.5							1352.84 	1226.50 	1152.74 
20170302	新台幣(TWD)	1公克	1223	1238	1230.5							1352.84 	1230.50 	1152.74 
20170301	新台幣(TWD)	1公克	1223	1238	1230.5							1352.84 	1230.50 	1152.74 
20170224	新台幣(TWD)	1公克	1228	1243	1235.5							1352.84 	1235.50 	1152.74 
20170223	新台幣(TWD)	1公克	1216	1231	1223.5							1352.84 	1223.50 	1152.74 
20170222	新台幣(TWD)	1公克	1215	1230	1222.5							1352.84 	1222.50 	1152.74 
20170221	新台幣(TWD)	1公克	1215	1230	1222.5							1352.84 	1222.50 	1152.74 
20170220	新台幣(TWD)	1公克	1214	1229	1221.5							1352.84 	1221.50 	1152.74 
20170218	新台幣(TWD)	1公克	1216	1233	1224.5							1352.84 	1224.50 	1152.74 
20170217	新台幣(TWD)	1公克	1217	1232	1224.5							1352.84 	1224.50 	1152.74 
20170216	新台幣(TWD)	1公克	1212	1227	1219.5							1352.84 	1219.50 	1152.74 
20170215	新台幣(TWD)	1公克	1202	1217	1209.5							1352.84 	1209.50 	1152.74 
20170214	新台幣(TWD)	1公克	1212	1227	1219.5							1352.84 	1219.50 	1152.74 
20170213	新台幣(TWD)	1公克	1220	1235	1227.5							1352.84 	1227.50 	1152.74 
20170210	新台幣(TWD)	1公克	1212	1227	1219.5							1352.84 	1219.50 	1152.74 
20170209	新台幣(TWD)	1公克	1228	1243	1235.5							1352.84 	1235.50 	1152.74 
20170208	新台幣(TWD)	1公克	1224	1239	1231.5							1352.84 	1231.50 	1152.74 
20170207	新台幣(TWD)	1公克	1221	1236	1228.5							1352.84 	1228.50 	1152.74 
20170206	新台幣(TWD)	1公克	1209	1224	1216.5							1352.84 	1216.50 	1152.74 
20170203	新台幣(TWD)	1公克	1202	1217	1209.5							1352.84 	1209.50 	1152.74 
20170202	新台幣(TWD)	1公克	1205	1220	1212.5							1352.84 	1212.50 	1152.74 
20170126	新台幣(TWD)	1公克	1198	1213	1205.5							1352.84 	1205.50 	1152.74 
20170125	新台幣(TWD)	1公克	1204	1219	1211.5							1352.84 	1211.50 	1152.74 
20170124	新台幣(TWD)	1公克	1217	1232	1224.5							1352.84 	1224.50 	1152.74 
20170123	新台幣(TWD)	1公克	1219	1234	1226.5							1352.84 	1226.50 	1152.74 
20170120	新台幣(TWD)	1公克	1217	1232	1224.5							1352.84 	1224.50 	1152.74 
20170119	新台幣(TWD)	1公克	1213	1228	1220.5							1352.84 	1220.50 	1152.74 
20170118	新台幣(TWD)	1公克	1222	1237	1229.5							1352.84 	1229.50 	1152.74 
20170117	新台幣(TWD)	1公克	1223	1238	1230.5							1352.84 	1230.50 	1152.74 
20170116	新台幣(TWD)	1公克	1220	1235	1227.5							1352.84 	1227.50 	1152.74 
20170113	新台幣(TWD)	1公克	1207	1222	1214.5							1352.84 	1214.50 	1152.74 
20170112	新台幣(TWD)	1公克	1217	1232	1224.5							1352.84 	1224.50 	1152.74 
20170111	新台幣(TWD)	1公克	1213	1228	1220.5							1352.84 	1220.50 	1152.74 
20170110	新台幣(TWD)	1公克	1210	1225	1217.5							1352.84 	1217.50 	1152.74 
20170109	新台幣(TWD)	1公克	1205	1220	1212.5							1352.84 	1212.50 	1152.74 
20170106	新台幣(TWD)	1公克	1200	1215	1207.5							1352.84 	1207.50 	1152.74 
20170105	新台幣(TWD)	1公克	1201	1216	1208.5							1352.84 	1208.50 	1152.74 
20170104	新台幣(TWD)	1公克	1197	1212	1204.5							1352.84 	1204.50 	1152.74 
20170103	新台幣(TWD)	1公克	1190	1205	1197.5							1352.84 	1197.50 	1152.74 
20161230	新台幣(TWD)	1公克	1195	1210	1202.5							1352.84 	1202.50 	1152.74 
20161229	新台幣(TWD)	1公克	1186	1200	1193							1352.84 	1193.00 	1152.74 
20161228	新台幣(TWD)	1公克	1180	1194	1187							1352.84 	1187.00 	1152.74 
20161227	新台幣(TWD)	1公克	1176	1190	1183							1352.84 	1183.00 	1152.74 
20161226	新台幣(TWD)	1公克	1166	1184	1175							1352.84 	1175.00 	1152.74 
20161223	新台幣(TWD)	1公克	1163	1177	1170							1352.84 	1170.00 	1152.74 
20161222	新台幣(TWD)	1公克	1159	1173	1166							1352.84 	1166.00 	1152.74 
20161221	新台幣(TWD)	1公克	1164	1178	1171							1352.84 	1171.00 	1152.74 
20161220	新台幣(TWD)	1公克	1161	1175	1168							1352.84 	1168.00 	1152.74 
20161219	新台幣(TWD)	1公克	1166	1180	1173							1352.84 	1173.00 	1152.74 
20161216	新台幣(TWD)	1公克	1158	1172	1165							1352.84 	1165.00 	1152.74 
20161215	新台幣(TWD)	1公克	1163	1177	1170							1352.84 	1170.00 	1152.74 
20161214	新台幣(TWD)	1公克	1180	1194	1187							1352.84 	1187.00 	1152.74 
20161213	新台幣(TWD)	1公克	1182	1196	1189							1352.84 	1189.00 	1152.74 
20161212	新台幣(TWD)	1公克	1178	1192	1185							1352.84 	1185.00 	1152.74 
20161209	新台幣(TWD)	1公克	1190	1205	1197.5							1352.84 	1197.50 	1152.74 
20161208	新台幣(TWD)	1公克	1191	1206	1198.5							1352.84 	1198.50 	1152.74 
20161207	新台幣(TWD)	1公克	1192	1207	1199.5							1352.84 	1199.50 	1152.74 
20161206	新台幣(TWD)	1公克	1196	1211	1203.5							1352.84 	1203.50 	1152.74 
20161205	新台幣(TWD)	1公克	1198	1213	1205.5							1352.84 	1205.50 	1152.74 
20161202	新台幣(TWD)	1公克	1198	1213	1205.5							1352.84 	1205.50 	1152.74 
20161201	新台幣(TWD)	1公克	1196	1211	1203.5							1352.84 	1203.50 	1152.74 
20161130	新台幣(TWD)	1公克	1212	1227	1219.5							1352.84 	1219.50 	1152.74 
20161129	新台幣(TWD)	1公克	1211	1226	1218.5							1352.84 	1218.50 	1152.74 
20161128	新台幣(TWD)	1公克	1212	1227	1219.5							1352.84 	1219.50 	1152.74 
20161125	新台幣(TWD)	1公克	1212	1227	1219.5							1352.84 	1219.50 	1152.74 
20161124	新台幣(TWD)	1公克	1212	1227	1219.5							1352.84 	1219.50 	1152.74 
20161123	新台幣(TWD)	1公克	1236	1251	1243.5							1352.84 	1243.50 	1152.74 
20161122	新台幣(TWD)	1公克	1240	1255	1247.5							1352.84 	1247.50 	1152.74 
20161121	新台幣(TWD)	1公克	1242	1257	1249.5							1352.84 	1249.50 	1152.74 
20161118	新台幣(TWD)	1公克	1238	1253	1245.5							1352.84 	1245.50 	1152.74 
20161117	新台幣(TWD)	1公克	1250	1265	1257.5							1352.84 	1257.50 	1152.74 
20161116	新台幣(TWD)	1公克	1249	1264	1256.5							1352.84 	1256.50 	1152.74 
20161115	新台幣(TWD)	1公克	1252	1267	1259.5							1352.84 	1259.50 	1152.74 
20161114	新台幣(TWD)	1公克	1251	1266	1258.5							1352.84 	1258.50 	1152.74 
20161111	新台幣(TWD)	1公克	1284	1300	1292							1352.84 	1292.00 	1152.74 
20161110	新台幣(TWD)	1公克	1299	1315	1307							1352.84 	1307.00 	1152.74 
20161109	新台幣(TWD)	1公克	1328	1344	1336							1352.84 	1336.00 	1152.74 
20161108	新台幣(TWD)	1公克	1293	1309	1301							1352.84 	1301.00 	1152.74 
20161107	新台幣(TWD)	1公克	1296	1312	1304							1352.84 	1304.00 	1152.74 
20161104	新台幣(TWD)	1公克	1304	1320	1312							1352.84 	1312.00 	1152.74 
20161103	新台幣(TWD)	1公克	1309	1325	1317							1352.84 	1317.00 	1152.74 
20161102	新台幣(TWD)	1公克	1304	1320	1312							1352.84 	1312.00 	1152.74 
20161101	新台幣(TWD)	1公克	1290	1306	1298							1352.84 	1298.00 	1152.74 
20161031	新台幣(TWD)	1公克	1286	1302	1294							1352.84 	1294.00 	1152.74 
20161028	新台幣(TWD)	1公克	1281	1297	1289							1352.84 	1289.00 	1152.74 
20161027	新台幣(TWD)	1公克	1281	1297	1289							1352.84 	1289.00 	1152.74 
20161026	新台幣(TWD)	1公克	1286	1302	1294							1352.84 	1294.00 	1152.74 
20161025	新台幣(TWD)	1公克	1278	1294	1286							1352.84 	1286.00 	1152.74 
20161024	新台幣(TWD)	1公克	1280	1296	1288							1352.84 	1288.00 	1152.74 
20161021	新台幣(TWD)	1公克	1275	1291	1283							1352.84 	1283.00 	1152.74 
20161020	新台幣(TWD)	1公克	1277	1293	1285							1352.84 	1285.00 	1152.74 
20161019	新台幣(TWD)	1公克	1269	1285	1277							1352.84 	1277.00 	1152.74 
20161018	新台幣(TWD)	1公克	1276	1292	1284							1352.84 	1284.00 	1152.74 
20161017	新台幣(TWD)	1公克	1272	1288	1280							1352.84 	1280.00 	1152.74 
20161014	新台幣(TWD)	1公克	1270	1286	1278							1352.84 	1278.00 	1152.74 
20161013	新台幣(TWD)	1公克	1278	1294	1286							1352.84 	1286.00 	1152.74 
20161012	新台幣(TWD)	1公克	1269	1284	1276.5							1352.84 	1276.50 	1152.74 
20161011	新台幣(TWD)	1公克	1272	1288	1280							1352.84 	1280.00 	1152.74 
20161007	新台幣(TWD)	1公克	1262	1277	1269.5							1352.84 	1269.50 	1152.74 
20161006	新台幣(TWD)	1公克	1269	1285	1277							1352.84 	1277.00 	1152.74 
20161005	新台幣(TWD)	1公克	1275	1291	1283							1352.84 	1283.00 	1152.74 
20161004	新台幣(TWD)	1公克	1311	1327	1319							1352.84 	1319.00 	1152.74 
20161003	新台幣(TWD)	1公克	1319	1335	1327							1352.84 	1327.00 	1152.74 
20160930	新台幣(TWD)	1公克	1326	1342	1334							1352.84 	1334.00 	1152.74 
20160929	新台幣(TWD)	1公克	1324	1340	1332							1352.84 	1332.00 	1152.74 
20160926	新台幣(TWD)	1公克	1341	1357	1349							1352.84 	1349.00 	1152.74 
20160923	新台幣(TWD)	1公克	1336	1352	1344							1352.84 	1344.00 	1152.74 
20160922	新台幣(TWD)	1公克	1336	1352	1344							1352.84 	1344.00 	1152.74 
20160921	新台幣(TWD)	1公克	1326	1342	1334							1352.84 	1334.00 	1152.74 
20160920	新台幣(TWD)	1公克	1319	1335	1327							1352.84 	1327.00 	1152.74 
20160919	新台幣(TWD)	1公克	1322	1338	1330							1352.84 	1330.00 	1152.74 
20160914	新台幣(TWD)	1公克	1338	1354	1346							1352.84 	1346.00 	1152.74 
20160913	新台幣(TWD)	1公克	1345	1361	1353							1352.84 	1353.00 	1152.74 
20160912	新台幣(TWD)	1公克	1348	1365	1356.5							1352.84 	1356.50 	1152.74 
20160910	新台幣(TWD)	1公克	1336	1357	1346.5							1352.84 	1346.50 	1152.74 
20160909	新台幣(TWD)	1公克	1343	1359	1351							1352.84 	1351.00 	1152.74 
20160908	新台幣(TWD)	1公克	1346	1362	1354							1352.84 	1354.00 	1152.74 
20160907	新台幣(TWD)	1公克	1346	1362	1354							1352.84 	1354.00 	1152.74 
20160906	新台幣(TWD)	1公克	1334	1350	1342							1352.84 	1342.00 	1152.74 
20160905	新台幣(TWD)	1公克	1335	1351	1343							1352.84 	1343.00 	1152.74 
20160902	新台幣(TWD)	1公克	1328	1344	1336							1352.84 	1336.00 	1152.74 
20160901	新台幣(TWD)	1公克	1325	1341	1333							1352.84 	1333.00 	1152.74 
20160831	新台幣(TWD)	1公克	1331	1347	1339							1352.84 	1339.00 	1152.74 
20160830	新台幣(TWD)	1公克	1338	1354	1346							1352.84 	1346.00 	1152.74 
20160829	新台幣(TWD)	1公克	1339	1355	1347							1352.84 	1347.00 	1152.74 
20160826	新台幣(TWD)	1公克	1340	1356	1348							1352.84 	1348.00 	1152.74 
20160825	新台幣(TWD)	1公克	1342	1358	1350							1352.84 	1350.00 	1152.74 
20160824	新台幣(TWD)	1公克	1356	1373	1364.5							1352.84 	1364.50 	1152.74 
20160823	新台幣(TWD)	1公克	1359	1376	1367.5							1352.84 	1367.50 	1152.74 
20160822	新台幣(TWD)	1公克	1355	1372	1363.5							1352.84 	1363.50 	1152.74 
20160819	新台幣(TWD)	1公克	1360	1377	1368.5							1352.84 	1368.50 	1152.74 
20160818	新台幣(TWD)	1公克	1355	1372	1363.5							1352.84 	1363.50 	1152.74 
20160817	新台幣(TWD)	1公克	1347	1364	1355.5							1352.84 	1355.50 	1152.74 
20160816	新台幣(TWD)	1公克	1346	1362	1354							1352.84 	1354.00 	1152.74 
20160815	新台幣(TWD)	1公克	1343	1359	1351							1352.84 	1351.00 	1152.74 
20160812	新台幣(TWD)	1公克	1344	1360	1352							1352.84 	1352.00 	1152.74 
20160811	新台幣(TWD)	1公克	1345	1361	1353							1352.84 	1353.00 	1152.74 
20160810	新台幣(TWD)	1公克	1347	1363	1355							1352.84 	1355.00 	1152.74 
20160809	新台幣(TWD)	1公克	1337	1353	1345							1352.84 	1345.00 	1152.74 
20160808	新台幣(TWD)	1公克	1343	1359	1351							1352.84 	1351.00 	1152.74 
20160805	新台幣(TWD)	1公克	1372	1389	1380.5							1352.84 	1380.50 	1152.74 
20160804	新台幣(TWD)	1公克	1366	1383	1374.5							1352.84 	1374.50 	1152.74 
20160803	新台幣(TWD)	1公克	1382	1399	1390.5							1352.84 	1390.50 	1152.74 
20160802	新台幣(TWD)	1公克	1371	1388	1379.5							1352.84 	1379.50 	1152.74 
20160801	新台幣(TWD)	1公克	1361	1378	1369.5							1352.84 	1369.50 	1152.74 
20160729	新台幣(TWD)	1公克	1359	1376	1367.5							1352.84 	1367.50 	1152.74 
20160728	新台幣(TWD)	1公克	1368	1385	1376.5							1352.84 	1376.50 	1152.74 
20160727	新台幣(TWD)	1公克	1350	1367	1358.5							1352.84 	1358.50 	1152.74 
20160726	新台幣(TWD)	1公克	1353	1370	1361.5							1352.84 	1361.50 	1152.74 
20160725	新台幣(TWD)	1公克	1351	1368	1359.5							1352.84 	1359.50 	1152.74 
20160722	新台幣(TWD)	1公克	1356	1373	1364.5							1352.84 	1364.50 	1152.74 
20160721	新台幣(TWD)	1公克	1348	1365	1356.5							1352.84 	1356.50 	1152.74 
20160720	新台幣(TWD)	1公克	1357	1374	1365.5							1352.84 	1365.50 	1152.74 
20160719	新台幣(TWD)	1公克	1358	1375	1366.5							1352.84 	1366.50 	1152.74 
20160718	新台幣(TWD)	1公克	1355	1372	1363.5							1352.84 	1363.50 	1152.74 
20160715	新台幣(TWD)	1公克	1360	1377	1368.5							1352.84 	1368.50 	1152.74 
20160714	新台幣(TWD)	1公克	1364	1381	1372.5							1352.84 	1372.50 	1152.74 
20160713	新台幣(TWD)	1公克	1377	1394	1385.5							1352.84 	1385.50 	1152.74 
20160712	新台幣(TWD)	1公克	1395	1412	1403.5							1352.84 	1403.50 	1152.74 
20160711	新台幣(TWD)	1公克	1399	1416	1407.5							1352.84 	1407.50 	1152.74 
20160707	新台幣(TWD)	1公克	1408	1425	1416.5							1352.84 	1416.50 	1152.74 
20160706	新台幣(TWD)	1公克	1411	1428	1419.5							1352.84 	1419.50 	1152.74 
20160705	新台幣(TWD)	1公克	1383	1400	1391.5							1352.84 	1391.50 	1152.74 
20160704	新台幣(TWD)	1公克	1387	1404	1395.5							1352.84 	1395.50 	1152.74 
20160701	新台幣(TWD)	1公克	1369	1386	1377.5							1352.84 	1377.50 	1152.74 
20160630	新台幣(TWD)	1公克	1353	1370	1361.5							1352.84 	1361.50 	1152.74 
20160629	新台幣(TWD)	1公克	1364	1381	1372.5							1352.84 	1372.50 	1152.74 
20160628	新台幣(TWD)	1公克	1360	1377	1368.5							1352.84 	1368.50 	1152.74 
20160627	新台幣(TWD)	1公克	1374	1391	1382.5							1352.84 	1382.50 	1152.74 
20160624	新台幣(TWD)	1公克	1365	1382	1373.5							1352.84 	1373.50 	1152.74 
20160623	新台幣(TWD)	1公克	1305	1320	1312.5							1352.84 	1312.50 	1152.74 
20160622	新台幣(TWD)	1公克	1302	1318	1310							1352.84 	1310.00 	1152.74 
20160621	新台幣(TWD)	1公克	1320	1336	1328							1352.84 	1328.00 	1152.74 
20160620	新台幣(TWD)	1公克	1323	1339	1331							1352.84 	1331.00 	1152.74 
20160617	新台幣(TWD)	1公克	1326	1342	1334							1352.84 	1334.00 	1152.74 
20160616	新台幣(TWD)	1公克	1352	1369	1360.5							1352.84 	1360.50 	1152.74 
20160615	新台幣(TWD)	1公克	1331	1347	1339							1352.84 	1339.00 	1152.74 
20160614	新台幣(TWD)	1公克	1324	1340	1332							1352.84 	1332.00 	1152.74 
20160613	新台幣(TWD)	1公克	1324	1340	1332							1352.84 	1332.00 	1152.74 
20160608	新台幣(TWD)	1公克	1286	1302	1294							1352.84 	1294.00 	1152.74 
20160607	新台幣(TWD)	1公克	1283	1299	1291							1352.84 	1291.00 	1152.74 
20160606	新台幣(TWD)	1公克	1283	1299	1291							1352.84 	1291.00 	1152.74 
20160604	新台幣(TWD)	1公克	1293	1314	1303.5							1352.84 	1303.50 	1152.74 
20160603	新台幣(TWD)	1公克	1264	1279	1271.5							1352.84 	1271.50 	1152.74 
20160602	新台幣(TWD)	1公克	1269	1284	1276.5							1352.84 	1276.50 	1152.74 
20160601	新台幣(TWD)	1公克	1268	1283	1275.5							1352.84 	1275.50 	1152.74 
20160531	新台幣(TWD)	1公克	1260	1275	1267.5							1352.84 	1267.50 	1152.74 
20160530	新台幣(TWD)	1公克	1256	1271	1263.5							1352.84 	1263.50 	1152.74 
20160527	新台幣(TWD)	1公克	1269	1285	1277							1352.84 	1277.00 	1152.74 
20160526	新台幣(TWD)	1公克	1278	1294	1286							1352.84 	1286.00 	1152.74 
20160525	新台幣(TWD)	1公克	1279	1295	1287							1352.84 	1287.00 	1152.74 
20160524	新台幣(TWD)	1公克	1298	1314	1306							1352.84 	1306.00 	1152.74 
20160523	新台幣(TWD)	1公克	1305	1321	1313							1352.84 	1313.00 	1152.74 
20160520	新台幣(TWD)	1公克	1312	1328	1320							1352.84 	1320.00 	1152.74 
20160519	新台幣(TWD)	1公克	1314	1330	1322							1352.84 	1322.00 	1152.74 
20160518	新台幣(TWD)	1公克	1326	1342	1334							1352.84 	1334.00 	1152.74 
20160517	新台幣(TWD)	1公克	1328	1344	1336							1352.84 	1336.00 	1152.74 
20160516	新台幣(TWD)	1公克	1338	1354	1346							1352.84 	1346.00 	1152.74 
20160513	新台幣(TWD)	1公克	1325	1341	1333							1352.84 	1333.00 	1152.74 
20160512	新台幣(TWD)	1公克	1318	1334	1326							1352.84 	1326.00 	1152.74 
20160511	新台幣(TWD)	1公克	1321	1337	1329							1352.84 	1329.00 	1152.74 
20160510	新台幣(TWD)	1公克	1315	1331	1323							1352.84 	1323.00 	1152.74 
20160509	新台幣(TWD)	1公克	1321	1337	1329							1352.84 	1329.00 	1152.74 
20160506	新台幣(TWD)	1公克	1323	1339	1331							1352.84 	1331.00 	1152.74 
20160505	新台幣(TWD)	1公克	1320	1336	1328							1352.84 	1328.00 	1152.74 
20160504	新台幣(TWD)	1公克	1324	1340	1332							1352.84 	1332.00 	1152.74 
20160503	新台幣(TWD)	1公克	1332	1348	1340							1352.84 	1340.00 	1152.74 
20160429	新台幣(TWD)	1公克	1311	1327	1319							1352.84 	1319.00 	1152.74 
20160428	新台幣(TWD)	1公克	1293	1309	1301							1352.84 	1301.00 	1152.74 
20160427	新台幣(TWD)	1公克	1287	1303	1295							1352.84 	1295.00 	1152.74 
20160426	新台幣(TWD)	1公克	1274	1290	1282							1352.84 	1282.00 	1152.74 
20160425	新台幣(TWD)	1公克	1274	1290	1282							1352.84 	1282.00 	1152.74 
20160422	新台幣(TWD)	1公克	1284	1300	1292							1352.84 	1292.00 	1152.74 
20160421	新台幣(TWD)	1公克	1297	1313	1305							1352.84 	1305.00 	1152.74 
20160420	新台幣(TWD)	1公克	1284	1300	1292							1352.84 	1292.00 	1152.74 
20160419	新台幣(TWD)	1公克	1285	1301	1293							1352.84 	1293.00 	1152.74 
20160418	新台幣(TWD)	1公克	1280	1296	1288							1352.84 	1288.00 	1152.74 
20160415	新台幣(TWD)	1公克	1270	1286	1278							1352.84 	1278.00 	1152.74 
20160414	新台幣(TWD)	1公克	1277	1293	1285							1352.84 	1285.00 	1152.74 
20160413	新台幣(TWD)	1公克	1287	1303	1295							1352.84 	1295.00 	1152.74 
20160412	新台幣(TWD)	1公克	1300	1316	1308							1352.84 	1308.00 	1152.74 
20160411	新台幣(TWD)	1公克	1295	1311	1303							1352.84 	1303.00 	1152.74 
20160408	新台幣(TWD)	1公克	1275	1291	1283							1352.84 	1283.00 	1152.74 
20160407	新台幣(TWD)	1公克	1269	1285	1277							1352.84 	1277.00 	1152.74 
20160406	新台幣(TWD)	1公克	1271	1287	1279							1352.84 	1279.00 	1152.74 
20160401	新台幣(TWD)	1公克	1272	1288	1280							1352.84 	1280.00 	1152.74 
20160331	新台幣(TWD)	1公克	1266	1281	1273.5							1352.84 	1273.50 	1152.74 
20160330	新台幣(TWD)	1公克	1282	1298	1290							1352.84 	1290.00 	1152.74 
20160329	新台幣(TWD)	1公克	1268	1283	1275.5							1352.84 	1275.50 	1152.74 
20160328	新台幣(TWD)	1公克	1267	1286	1276.5							1352.84 	1276.50 	1152.74 
20160325	新台幣(TWD)	1公克	1269	1289	1279							1352.84 	1279.00 	1152.74 
20160324	新台幣(TWD)	1公克	1267	1282	1274.5							1352.84 	1274.50 	1152.74 
20160323	新台幣(TWD)	1公克	1281	1297	1289							1352.84 	1289.00 	1152.74 
20160322	新台幣(TWD)	1公克	1296	1312	1304							1352.84 	1304.00 	1152.74 
20160321	新台幣(TWD)	1公克	1289	1305	1297							1352.84 	1297.00 	1152.74 
