Date,CCY,Weight,Buy,Sell,,,,
20161101,新台幣(TWD),1公克,1290,1306,,,,
20161102,新台幣(TWD),1公克,1304,1320,,,,
20161103,新台幣(TWD),1公克,1309,1325,,,,
20161104,新台幣(TWD),1公克,1304,1320,,,,
20161107,新台幣(TWD),1公克,1296,1312,,,,
20161108,新台幣(TWD),1公克,1293,1309,,,,
20161109,新台幣(TWD),1公克,1328,1344,,,,
20161110,新台幣(TWD),1公克,1299,1315,,,,
20161111,新台幣(TWD),1公克,1284,1300,,,,
20161114,新台幣(TWD),1公克,1251,1266,,,,
20161115,新台幣(TWD),1公克,1252,1267,,,,
20161116,新台幣(TWD),1公克,1249,1264,,,,
20161117,新台幣(TWD),1公克,1250,1265,,,,
20161118,新台幣(TWD),1公克,1238,1253,,,,
20161121,新台幣(TWD),1公克,1242,1257,,,,
20161122,新台幣(TWD),1公克,1240,1255,,,,
20161123,新台幣(TWD),1公克,1236,1251,,,,
20161124,新台幣(TWD),1公克,1212,1227,,,,
20161125,新台幣(TWD),1公克,1212,1227,,,,
20161128,新台幣(TWD),1公克,1212,1227,,,,
20161129,新台幣(TWD),1公克,1211,1226,,,,
20161130,新台幣(TWD),1公克,1212,1227,,,,
20161201,新台幣(TWD),1公克,1196,1211,,,,
20161202,新台幣(TWD),1公克,1198,1213,,,,
20161205,新台幣(TWD),1公克,1198,1213,,,,
20161206,新台幣(TWD),1公克,1196,1211,,,,
20161207,新台幣(TWD),1公克,1192,1207,,,,
20161208,新台幣(TWD),1公克,1191,1206,,,,
20161209,新台幣(TWD),1公克,1190,1205,,,,
20161212,新台幣(TWD),1公克,1178,1192,,,,
20161213,新台幣(TWD),1公克,1182,1196,,,,
20161214,新台幣(TWD),1公克,1180,1194,,,,
20161215,新台幣(TWD),1公克,1163,1177,,,,
20161216,新台幣(TWD),1公克,1158,1172,,,,
20161219,新台幣(TWD),1公克,1166,1180,,,,
20161220,新台幣(TWD),1公克,1161,1175,,,,
20161221,新台幣(TWD),1公克,1164,1178,,,,
20161222,新台幣(TWD),1公克,1159,1173,,,,
20161223,新台幣(TWD),1公克,1163,1177,,,,
20161226,新台幣(TWD),1公克,1166,1184,,,,
20161227,新台幣(TWD),1公克,1176,1190,,,,
20161228,新台幣(TWD),1公克,1180,1194,,,,
20161229,新台幣(TWD),1公克,1186,1200,,,,
20161230,新台幣(TWD),1公克,1195,1210,,,,
20170103,新台幣(TWD),1公克,1190,1205,,,,
20170104,新台幣(TWD),1公克,1197,1212,,,,
20170105,新台幣(TWD),1公克,1201,1216,,,,
20170106,新台幣(TWD),1公克,1200,1215,,,,
20170109,新台幣(TWD),1公克,1205,1220,,,,
20170110,新台幣(TWD),1公克,1210,1225,,,,
20170111,新台幣(TWD),1公克,1213,1228,,,,
20170112,新台幣(TWD),1公克,1217,1232,,,,
20170113,新台幣(TWD),1公克,1207,1222,,,,
20170116,新台幣(TWD),1公克,1220,1235,,,,
20170117,新台幣(TWD),1公克,1223,1238,,,,
20170118,新台幣(TWD),1公克,1222,1237,,,,
20170119,新台幣(TWD),1公克,1213,1228,,,,
20170120,新台幣(TWD),1公克,1217,1232,,,,
20170123,新台幣(TWD),1公克,1219,1234,,,,
20170124,新台幣(TWD),1公克,1217,1232,,,,
20170125,新台幣(TWD),1公克,1204,1219,,,,
20170126,新台幣(TWD),1公克,1198,1213,,,,
20170202,新台幣(TWD),1公克,1205,1220,,,,
20170203,新台幣(TWD),1公克,1202,1217,,,,
20170206,新台幣(TWD),1公克,1209,1224,,,,
20170207,新台幣(TWD),1公克,1221,1236,,,,
20170208,新台幣(TWD),1公克,1224,1239,,,,
20170209,新台幣(TWD),1公克,1228,1243,,,,
20170210,新台幣(TWD),1公克,1212,1227,,,,
20170213,新台幣(TWD),1公克,1220,1235,,,,
20170214,新台幣(TWD),1公克,1212,1227,,,,
20170215,新台幣(TWD),1公克,1202,1217,,,,
20170216,新台幣(TWD),1公克,1212,1227,,,,
20170217,新台幣(TWD),1公克,1217,1232,,,,
20170218,新台幣(TWD),1公克,1216,1233,,,,
20170220,新台幣(TWD),1公克,1214,1229,,,,
20170221,新台幣(TWD),1公克,1215,1230,,,,
20170222,新台幣(TWD),1公克,1215,1230,,,,
20170223,新台幣(TWD),1公克,1216,1231,,,,
20170224,新台幣(TWD),1公克,1228,1243,,,,
20170301,新台幣(TWD),1公克,1223,1238,,,,
20170302,新台幣(TWD),1公克,1223,1238,,,,
20170303,新台幣(TWD),1公克,1219,1234,,,,
20170306,新台幣(TWD),1公克,1220,1235,,,,
20170307,新台幣(TWD),1公克,1208,1223,,,,
20170308,新台幣(TWD),1公克,1199,1214,,,,
20170309,新台幣(TWD),1公克,1195,1210,,,,
20170310,新台幣(TWD),1公克,1188,1202,,,,
20170313,新台幣(TWD),1公克,1196,1211,,,,
20170314,新台幣(TWD),1公克,1189,1203,,,,
20170315,新台幣(TWD),1公克,1188,1202,,,,
20170316,新台幣(TWD),1公克,1202,1216,,,,
20170317,新台幣(TWD),1公克,1200,1215,,,,
20170320,新台幣(TWD),1公克,1204,1219,,,,
20170321,新台幣(TWD),1公克,1196,1211,,,,
20170322,新台幣(TWD),1公克,1214,1229,,,,
20170323,新台幣(TWD),1公克,1214,1229,,,,
20170324,新台幣(TWD),1公克,1210,1225,,,,
20170327,新台幣(TWD),1公克,1215,1230,,,,
20170328,新台幣(TWD),1公克,1207,1222,,,,
20170329,新台幣(TWD),1公克,1208,1223,,,,
20170330,新台幣(TWD),1公克,1210,1225,,,,
20170331,新台幣(TWD),1公克,1205,1220,,,,
20170405,新台幣(TWD),1公克,1217,1232,,,,
20170406,新台幣(TWD),1公克,1222,1237,,,,
20170407,新台幣(TWD),1公克,1234,1249,,,,
20170410,新台幣(TWD),1公克,1226,1241,,,,
20170411,新台幣(TWD),1公克,1230,1245,,,,
20170412,新台幣(TWD),1公克,1243,1258,,,,
20170413,新台幣(TWD),1公克,1244,1259,,,,
20170414,新台幣(TWD),1公克,1246,1265,,,,
20170417,新台幣(TWD),1公克,1245,1264,,,,
20170418,新台幣(TWD),1公克,1245,1260,,,,
20170419,新台幣(TWD),1公克,1247,1262,,,,
20170420,新台幣(TWD),1公克,1243,1258,,,,
20170421,新台幣(TWD),1公克,1239,1254,,,,
20170424,新台幣(TWD),1公克,1228,1243,,,,
20170425,新台幣(TWD),1公克,1224,1239,,,,
20170426,新台幣(TWD),1公克,1214,1229,,,,
20170427,新台幣(TWD),1公克,1217,1232,,,,
20170428,新台幣(TWD),1公克,1220,1235,,,,
20170502,新台幣(TWD),1公克,1206,1221,,,,
20170503,新台幣(TWD),1公克,1205,1219,,,,
20170504,新台幣(TWD),1公克,1189,1203,,,,
20170505,新台幣(TWD),1公克,1188,1202,,,,
20170508,新台幣(TWD),1公克,1186,1200,,,,
20170509,新台幣(TWD),1公克,1187,1201,,,,
20170510,新台幣(TWD),1公克,1181,1195,,,,
20170511,新台幣(TWD),1公克,1179,1193,,,,
20170512,新台幣(TWD),1公克,1185,1199,,,,
20170515,新台幣(TWD),1公克,1187,1201,,,,
20170516,新台幣(TWD),1公克,1189,1203,,,,
20170517,新台幣(TWD),1公克,1196,1211,,,,
20170518,新台幣(TWD),1公克,1211,1226,,,,
20170519,新台幣(TWD),1公克,1206,1221,,,,
20170522,新台幣(TWD),1公克,1204,1219,,,,
20170523,新台幣(TWD),1公克,1213,1228,,,,
20170524,新台幣(TWD),1公克,1205,1220,,,,
20170525,新台幣(TWD),1公克,1207,1222,,,,
20170526,新台幣(TWD),1公克,1213,1228,,,,
20170531,新台幣(TWD),1公克,1211,1226,,,,
20170601,新台幣(TWD),1公克,1217,1232,,,,
20170602,新台幣(TWD),1公克,1212,1227,,,,
20170603,新台幣(TWD),1公克,1226,1244,,,,
20170605,新台幣(TWD),1公克,1230,1245,,,,
20170606,新台幣(TWD),1公克,1237,1252,,,,
20170607,新台幣(TWD),1公克,1240,1255,,,,
20170608,新台幣(TWD),1公克,1236,1251,,,,
20170609,新台幣(TWD),1公克,1222,1237,,,,
20170612,新台幣(TWD),1公克,1220,1235,,,,
20170613,新台幣(TWD),1公克,1220,1235,,,,
20170614,新台幣(TWD),1公克,1224,1239,,,,
20170615,新台幣(TWD),1公克,1218,1233,,,,
20170616,新台幣(TWD),1公克,1217,1232,,,,
20170619,新台幣(TWD),1公克,1212,1227,,,,
20170620,新台幣(TWD),1公克,1210,1225,,,,
20170621,新台幣(TWD),1公克,1212,1227,,,,
20170622,新台幣(TWD),1公克,1218,1233,,,,
20170623,新台幣(TWD),1公克,1217,1232,,,,
20170626,新台幣(TWD),1公克,1214,1229,,,,
20170627,新台幣(TWD),1公克,1212,1227,,,,
20170628,新台幣(TWD),1公克,1215,1230,,,,
20170629,新台幣(TWD),1公克,1213,1228,,,,
20170630,新台幣(TWD),1公克,1208,1223,,,,
20170703,新台幣(TWD),1公克,1200,1215,,,,
20170704,新台幣(TWD),1公克,1194,1209,,,,
20170705,新台幣(TWD),1公克,1194,1209,,,,
20170706,新台幣(TWD),1公克,1196,1211,,,,
20170707,新台幣(TWD),1公克,1194,1209,,,,
20170710,新台幣(TWD),1公克,1179,1193,,,,
20170711,新台幣(TWD),1公克,1182,1196,,,,
20170712,新台幣(TWD),1公克,1187,1201,,,,
20170713,新台幣(TWD),1公克,1187,1201,,,,
20170714,新台幣(TWD),1公克,1184,1198,,,,
20170717,新台幣(TWD),1公克,1196,1211,,,,
20170718,新台幣(TWD),1公克,1198,1213,,,,
20170719,新台幣(TWD),1公克,1202,1217,,,,
20170720,新台幣(TWD),1公克,1204,1219,,,,
20170721,新台幣(TWD),1公克,1211,1226,,,,
20170724,新台幣(TWD),1公克,1213,1228,,,,
20170725,新台幣(TWD),1公克,1216,1231,,,,
20170726,新台幣(TWD),1公克,1207,1222,,,,
20170727,新台幣(TWD),1公克,1217,1232,,,,
20170728,新台幣(TWD),1公克,1216,1231,,,,
20170731,新台幣(TWD),1公克,1221,1236,,,,
20170801,新台幣(TWD),1公克,1224,1239,,,,
20170802,新台幣(TWD),1公克,1221,1236,,,,
20170803,新台幣(TWD),1公克,1216,1231,,,,
20170804,新台幣(TWD),1公克,1223,1238,,,,
20170807,新台幣(TWD),1公克,1213,1228,,,,
20170808,新台幣(TWD),1公克,1214,1229,,,,
20170809,新台幣(TWD),1公克,1223,1238,,,,
20170810,新台幣(TWD),1公克,1237,1252,,,,
20170811,新台幣(TWD),1公克,1246,1261,,,,
20170814,新台幣(TWD),1公克,1243,1258,,,,
20170815,新台幣(TWD),1公克,1232,1247,,,,
20170816,新台幣(TWD),1公克,1230,1245,,,,
20170817,新台幣(TWD),1公克,1245,1260,,,,
20170818,新台幣(TWD),1公克,1251,1266,,,,
20170821,新台幣(TWD),1公克,1246,1261,,,,
20170822,新台幣(TWD),1公克,1242,1257,,,,
20170823,新台幣(TWD),1公克,1242,1257,,,,
20170824,新台幣(TWD),1公克,1243,1258,,,,
20170825,新台幣(TWD),1公克,1241,1256,,,,
20170828,新台幣(TWD),1公克,1249,1264,,,,
20170829,新台幣(TWD),1公克,1271,1287,,,,
20170830,新台幣(TWD),1公克,1258,1273,,,,
20170831,新台幣(TWD),1公克,1258,1273,,,,
20170901,新台幣(TWD),1公克,1269,1284,,,,
20170904,新台幣(TWD),1公克,1284,1300,,,,
20170905,新台幣(TWD),1公克,1279,1295,,,,
20170906,新台幣(TWD),1公克,1285,1301,,,,
20170907,新台幣(TWD),1公克,1282,1298,,,,
20170908,新台幣(TWD),1公克,1294,1310,,,,
20170911,新台幣(TWD),1公克,1277,1293,,,,
20170912,新台幣(TWD),1公克,1270,1286,,,,
20170913,新台幣(TWD),1公克,1276,1292,,,,
20170914,新台幣(TWD),1公克,1269,1285,,,,
20170915,新台幣(TWD),1公克,1272,1288,,,,
20170918,新台幣(TWD),1公克,1264,1279,,,,
20170919,新台幣(TWD),1公克,1258,1273,,,,
20170920,新台幣(TWD),1公克,1262,1277,,,,
20170921,新台幣(TWD),1公克,1249,1264,,,,
20170922,新台幣(TWD),1公克,1251,1266,,,,
20170925,新台幣(TWD),1公克,1246,1261,,,,
20170926,新台幣(TWD),1公克,1262,1277,,,,
20170927,新台幣(TWD),1公克,1249,1264,,,,
20170928,新台幣(TWD),1公克,1242,1257,,,,
20170929,新台幣(TWD),1公克,1248,1263,,,,
20170930,新台幣(TWD),1公克,1237,1256,,,,
20171002,新台幣(TWD),1公克,1236,1251,,,,
20171003,新台幣(TWD),1公克,1236,1251,,,,
20171005,新台幣(TWD),1公克,1237,1252,,,,
20171006,新台幣(TWD),1公克,1230,1245,,,,
20171011,新台幣(TWD),1公克,1245,1260,,,,
20171012,新台幣(TWD),1公克,1250,1265,,,,
20171013,新台幣(TWD),1公克,1250,1265,,,,
20171016,新台幣(TWD),1公克,1256,1271,,,,
20171017,新台幣(TWD),1公克,1244,1259,,,,
20171018,新台幣(TWD),1公克,1238,1253,,,,
20171019,新台幣(TWD),1公克,1237,1252,,,,
20171020,新台幣(TWD),1公克,1239,1254,,,,
20171023,新台幣(TWD),1公克,1233,1248,,,,
20171024,新台幣(TWD),1公克,1237,1252,,,,
20171025,新台幣(TWD),1公克,1231,1246,,,,
20171026,新台幣(TWD),1公克,1236,1251,,,,
20171027,新台幣(TWD),1公克,1224,1239,,,,
20171030,新台幣(TWD),1公克,1224,1239,,,,
20171031,新台幣(TWD),1公克,1230,1245,,,,
20171101,新台幣(TWD),1公克,1229,1244,,,,
20171102,新台幣(TWD),1公克,1233,1248,,,,
20171103,新台幣(TWD),1公克,1229,1244,,,,
20171106,新台幣(TWD),1公克,1224,1239,,,,
20171107,新台幣(TWD),1公克,1232,1247,,,,
20171108,新台幣(TWD),1公克,1233,1248,,,,
20171109,新台幣(TWD),1公克,1237,1252,,,,
20171110,新台幣(TWD),1公克,1238,1253,,,,
20171113,新台幣(TWD),1公克,1231,1246,,,,
20171114,新台幣(TWD),1公克,1231,1246,,,,
20171115,新台幣(TWD),1公克,1235,1250,,,,
20171116,新台幣(TWD),1公克,1229,1244,,,,
20171117,新台幣(TWD),1公克,1232,1247,,,,
20171120,新台幣(TWD),1公克,1239,1254,,,,
20171121,新台幣(TWD),1公克,1229,1244,,,,
20171122,新台幣(TWD),1公克,1229,1244,,,,
20171123,新台幣(TWD),1公克,1236,1251,,,,
20171124,新台幣(TWD),1公克,1235,1250,,,,
20171127,新台幣(TWD),1公克,1236,1251,,,,
20171128,新台幣(TWD),1公克,1238,1253,,,,
20171129,新台幣(TWD),1公克,1240,1255,,,,
20171130,新台幣(TWD),1公克,1230,1245,,,,
20171201,新台幣(TWD),1公克,1223,1238,,,,
20171204,新台幣(TWD),1公克,1223,1238,,,,
20171205,新台幣(TWD),1公克,1222,1237,,,,
20171206,新台幣(TWD),1公克,1215,1230,,,,
20171207,新台幣(TWD),1公克,1206,1221,,,,
20171208,新台幣(TWD),1公克,1197,1212,,,,
20171211,新台幣(TWD),1公克,1200,1215,,,,
20171212,新台幣(TWD),1公克,1195,1210,,,,
20171213,新台幣(TWD),1公克,1192,1207,,,,
20171214,新台幣(TWD),1公克,1205,1220,,,,
20171215,新台幣(TWD),1公克,1203,1218,,,,
20171218,新台幣(TWD),1公克,1204,1219,,,,
20171219,新台幣(TWD),1公克,1210,1225,,,,
20171220,新台幣(TWD),1公克,1210,1225,,,,
20171221,新台幣(TWD),1公克,1213,1228,,,,
20171222,新台幣(TWD),1公克,1212,1227,,,,
20171225,新台幣(TWD),1公克,1218,1237,,,,
20171226,新台幣(TWD),1公克,1219,1237,,,,
20171227,新台幣(TWD),1公克,1227,1242,,,,
20171228,新台幣(TWD),1公克,1228,1243,,,,
20171229,新台幣(TWD),1公克,1230,1245,,,,
20180102,新台幣(TWD),1公克,1237,1252,,,,
20180103,新台幣(TWD),1公克,1239,1254,,,,
20180104,新台幣(TWD),1公克,1236,1251,,,,
20180105,新台幣(TWD),1公克,1242,1257,,,,
20180108,新台幣(TWD),1公克,1241,1256,,,,
20180109,新台幣(TWD),1公克,1242,1257,,,,
20180110,新台幣(TWD),1公克,1238,1253,,,,
20180111,新台幣(TWD),1公克,1246,1261,,,,
20180112,新台幣(TWD),1公克,1255,1270,,,,
20180115,新台幣(TWD),1公克,1265,1280,,,,
20180116,新台幣(TWD),1公克,1263,1278,,,,
20180117,新台幣(TWD),1公克,1258,1273,,,,
20180118,新台幣(TWD),1公克,1251,1266,,,,
20180119,新台幣(TWD),1公克,1250,1265,,,,
20180122,新台幣(TWD),1公克,1245,1260,,,,
20180123,新台幣(TWD),1公克,1248,1263,,,,
20180124,新台幣(TWD),1公克,1253,1268,,,,
20180125,新台幣(TWD),1公克,1262,1277,,,,
20180126,新台幣(TWD),1公克,1259,1274,,,,
20180129,新台幣(TWD),1公克,1254,1269,,,,
20180130,新台幣(TWD),1公克,1246,1261,,,,
20180131,新台幣(TWD),1公克,1249,1264,,,,
20180201,新台幣(TWD),1公克,1249,1264,,,,
20180202,新台幣(TWD),1公克,1258,1273,,,,
20180205,新台幣(TWD),1公克,1246,1261,,,,
20180206,新台幣(TWD),1公克,1259,1274,,,,
20180207,新台幣(TWD),1公克,1244,1259,,,,
20180208,新台幣(TWD),1公克,1232,1247,,,,
20180209,新台幣(TWD),1公克,1240,1255,,,,
20180212,新台幣(TWD),1公克,1242,1257,,,,
20180213,新台幣(TWD),1公克,1244,1259,,,,
20180214,新台幣(TWD),1公克,1248,1263,,,,
20180221,新台幣(TWD),1公克,1239,1254,,,,
20180222,新台幣(TWD),1公克,1236,1251,,,,
20180223,新台幣(TWD),1公克,1242,1257,,,,
20180226,新台幣(TWD),1公克,1249,1264,,,,
20180227,新台幣(TWD),1公克,1244,1259,,,,
20180301,新台幣(TWD),1公克,1230,1245,,,,
20180302,新台幣(TWD),1公克,1233,1248,,,,
20180305,新台幣(TWD),1公克,1240,1255,,,,
20180306,新台幣(TWD),1公克,1235,1250,,,,
20180307,新台幣(TWD),1公克,1244,1259,,,,
20180308,新台幣(TWD),1公克,1242,1257,,,,
20180309,新台幣(TWD),1公克,1235,1250,,,,
20180312,新台幣(TWD),1公克,1236,1251,,,,
20180313,新台幣(TWD),1公克,1233,1248,,,,
20180314,新台幣(TWD),1公克,1238,1253,,,,
20180315,新台幣(TWD),1公克,1236,1251,,,,
20180316,新台幣(TWD),1公克,1228,1243,,,,
20180319,新台幣(TWD),1公克,1221,1236,,,,
20180320,新台幣(TWD),1公克,1226,1241,,,,
20180321,新台幣(TWD),1公克,1227,1242,,,,
20180322,新台幣(TWD),1公克,1239,1254,,,,
20180323,新台幣(TWD),1公克,1249,1264,,,,
20180326,新台幣(TWD),1公克,1252,1267,,,,
20180327,新台幣(TWD),1公克,1260,1275,,,,
20180328,新台幣(TWD),1公克,1248,1263,,,,
20180329,新台幣(TWD),1公克,1233,1248,,,,
20180330,新台幣(TWD),1公克,1234,1249,,,,
20180331,新台幣(TWD),1公克,1235,1250,,,,
20180402,新台幣(TWD),1公克,1239,1254,,,,
20180403,新台幣(TWD),1公克,1248,1263,,,,
20180409,新台幣(TWD),1公克,1240,1255,,,,
20180410,新台幣(TWD),1公克,1244,1259,,,,
20180411,新台幣(TWD),1公克,1253,1268,,,,
20180412,新台幣(TWD),1公克,1262,1277,,,,
20180413,新台幣(TWD),1公克,1251,1266,,,,
20180416,新台幣(TWD),1公克,1260,1275,,,,
20180417,新台幣(TWD),1公克,1264,1279,,,,
20180418,新台幣(TWD),1公克,1259,1274,,,,
20180419,新台幣(TWD),1公克,1269,1284,,,,
20180420,新台幣(TWD),1公克,1261,1276,,,,
20180423,新台幣(TWD),1公克,1256,1271,,,,
20180424,新台幣(TWD),1公克,1255,1270,,,,
20180425,新台幣(TWD),1公克,1255,1270,,,,
20180426,新台幣(TWD),1公克,1258,1273,,,,
20180427,新台幣(TWD),1公克,1245,1260,,,,
20180430,新台幣(TWD),1公克,1245,1260,,,,
20180502,新台幣(TWD),1公克,1246,1261,,,,
20180503,新台幣(TWD),1公克,1243,1258,,,,
20180504,新台幣(TWD),1公克,1244,1259,,,,
20180507,新台幣(TWD),1公克,1248,1263,,,,
20180508,新台幣(TWD),1公克,1250,1265,,,,
20180509,新台幣(TWD),1公克,1248,1263,,,,
20180510,新台幣(TWD),1公克,1252,1267,,,,
20180511,新台幣(TWD),1公克,1256,1271,,,,
20180514,新台幣(TWD),1公克,1255,1270,,,,
20180515,新台幣(TWD),1公克,1250,1265,,,,
20180516,新台幣(TWD),1公克,1236,1251,,,,
20180517,新台幣(TWD),1公克,1232,1247,,,,
20180518,新台幣(TWD),1公克,1233,1248,,,,
20180521,新台幣(TWD),1公克,1229,1244,,,,
20180522,新台幣(TWD),1公克,1232,1247,,,,
20180523,新台幣(TWD),1公克,1233,1248,,,,
20180524,新台幣(TWD),1公克,1240,1255,,,,
20180525,新台幣(TWD),1公克,1246,1261,,,,
20180528,新台幣(TWD),1公克,1238,1253,,,,
20180529,新台幣(TWD),1公克,1241,1256,,,,
20180530,新台幣(TWD),1公克,1245,1260,,,,
20180531,新台幣(TWD),1公克,1248,1263,,,,
20180601,新台幣(TWD),1公克,1240,1255,,,,
20180604,新台幣(TWD),1公克,1233,1248,,,,
20180605,新台幣(TWD),1公克,1230,1245,,,,
20180606,新台幣(TWD),1公克,1234,1249,,,,
20180607,新台幣(TWD),1公克,1231,1246,,,,
20180608,新台幣(TWD),1公克,1232,1247,,,,
20180611,新台幣(TWD),1公克,1234,1249,,,,
20180612,新台幣(TWD),1公克,1237,1252,,,,
20180613,新台幣(TWD),1公克,1236,1251,,,,
20180614,新台幣(TWD),1公克,1245,1260,,,,
20180615,新台幣(TWD),1公克,1243,1258,,,,
20180619,新台幣(TWD),1公克,1234,1249,,,,
20180620,新台幣(TWD),1公克,1227,1242,,,,
20180621,新台幣(TWD),1公克,1224,1239,,,,
20180622,新台幣(TWD),1公克,1229,1244,,,,
20180625,新台幣(TWD),1公克,1230,1245,,,,
20180626,新台幣(TWD),1公克,1228,1243,,,,
20180627,新台幣(TWD),1公克,1224,1239,,,,
20180628,新台幣(TWD),1公克,1221,1236,,,,
20180629,新台幣(TWD),1公克,1218,1233,,,,
20180702,新台幣(TWD),1公克,1217,1232,,,,
20180703,新台幣(TWD),1公克,1215,1230,,,,
20180704,新台幣(TWD),1公克,1226,1241,,,,
20180705,新台幣(TWD),1公克,1224,1239,,,,
20180706,新台幣(TWD),1公克,1222,1237,,,,
20180709,新台幣(TWD),1公克,1223,1238,,,,
20180710,新台幣(TWD),1公克,1220,1235,,,,
20180711,新台幣(TWD),1公克,1218,1233,,,,
20180712,新台幣(TWD),1公克,1215,1230,,,,
20180713,新台幣(TWD),1公克,1213,1228,,,,
20180716,新台幣(TWD),1公克,1214,1229,,,,
20180717,新台幣(TWD),1公克,1212,1227,,,,
20180718,新台幣(TWD),1公克,1196,1211,,,,
20180719,新台幣(TWD),1公克,1195,1210,,,,
20180720,新台幣(TWD),1公克,1199,1214,,,,
20180723,新台幣(TWD),1公克,1202,1217,,,,
20180724,新台幣(TWD),1公克,1200,1215,,,,
20180725,新台幣(TWD),1公克,1200,1215,,,,
20180726,新台幣(TWD),1公克,1200,1215,,,,
20180727,新台幣(TWD),1公克,1196,1211,,,,
20180730,新台幣(TWD),1公克,1193,1208,,,,
20180731,新台幣(TWD),1公克,1194,1209,,,,
20180801,新台幣(TWD),1公克,1193,1208,,,,
20180802,新台幣(TWD),1公克,1194,1209,,,,
20180803,新台幣(TWD),1公克,1184,1198,,,,
20180806,新台幣(TWD),1公克,1186,1200,,,,
20180807,新台幣(TWD),1公克,1186,1200,,,,
20180808,新台幣(TWD),1公克,1189,1203,,,,
20180809,新台幣(TWD),1公克,1186,1200,,,,
20180810,新台幣(TWD),1公克,1185,1199,,,,
20180813,新台幣(TWD),1公克,1188,1202,,,,
20180814,新台幣(TWD),1公克,1176,1190,,,,
20180815,新台幣(TWD),1公克,1172,1186,,,,
20180816,新台幣(TWD),1公克,1158,1172,,,,
20180817,新台幣(TWD),1公克,1156,1170,,,,
20180820,新台幣(TWD),1公克,1167,1181,,,,
20180821,新台幣(TWD),1公克,1173,1187,,,,
20180822,新台幣(TWD),1公克,1171,1185,,,,
20180823,新台幣(TWD),1公克,1168,1182,,,,
20180824,新台幣(TWD),1公克,1171,1185,,,,
20180827,新台幣(TWD),1公克,1185,1199,,,,
20180828,新台幣(TWD),1公克,1190,1204,,,,
20180829,新台幣(TWD),1公克,1181,1195,,,,
20180830,新台幣(TWD),1公克,1181,1195,,,,
20180831,新台幣(TWD),1公克,1184,1198,,,,
20180903,新台幣(TWD),1公克,1178,1192,,,,
20180904,新台幣(TWD),1公克,1175,1189,,,,
20180905,新台幣(TWD),1公克,1174,1188,,,,
20180906,新台幣(TWD),1公克,1179,1193,,,,
20180907,新台幣(TWD),1公克,1179,1193,,,,
20180910,新台幣(TWD),1公克,1175,1189,,,,
20180911,新台幣(TWD),1公克,1179,1193,,,,
20180912,新台幣(TWD),1公克,1176,1190,,,,
20180913,新台幣(TWD),1公克,1185,1199,,,,
20180914,新台幣(TWD),1公克,1185,1199,,,,
20180917,新台幣(TWD),1公克,1177,1191,,,,
20180918,新台幣(TWD),1公克,1178,1192,,,,
20180919,新台幣(TWD),1公克,1185,1199,,,,
20180920,新台幣(TWD),1公克,1185,1199,,,,
20180921,新台幣(TWD),1公克,1185,1199,,,,
20180925,新台幣(TWD),1公克,1175,1189,,,,
20180926,新台幣(TWD),1公克,1177,1191,,,,
20180927,新台幣(TWD),1公克,1169,1183,,,,
20180928,新台幣(TWD),1公克,1154,1168,,,,
20181001,新台幣(TWD),1公克,1157,1171,,,,
20181002,新台幣(TWD),1公克,1170,1184,,,,
20181003,新台幣(TWD),1公克,1179,1193,,,,
20181004,新台幣(TWD),1公克,1179,1193,,,,
20181005,新台幣(TWD),1公克,1180,1194,,,,
20181008,新台幣(TWD),1公克,1182,1196,,,,
20181009,新台幣(TWD),1公克,1177,1191,,,,
20181011,新台幣(TWD),1公克,1190,1204,,,,
20181012,新台幣(TWD),1公克,1199,1214,,,,
20181015,新台幣(TWD),1公克,1212,1227,,,,
20181016,新台幣(TWD),1公克,1210,1225,,,,
20181017,新台幣(TWD),1公克,1203,1218,,,,
20181018,新台幣(TWD),1公克,1207,1222,,,,
20181019,新台幣(TWD),1公克,1208,1223,,,,
20181022,新台幣(TWD),1公克,1210,1225,,,,
20181023,新台幣(TWD),1公克,1218,1233,,,,
20181024,新台幣(TWD),1公克,1216,1231,,,,
20181025,新台幣(TWD),1公克,1221,1236,,,,
20181026,新台幣(TWD),1公克,1220,1235,,,,
20181029,新台幣(TWD),1公克,1218,1233,,,,
20181030,新台幣(TWD),1公克,1212,1227,,,,
20181031,新台幣(TWD),1公克,1203,1218,,,,
20181101,新台幣(TWD),1公克,1208,1223,,,,
20181102,新台幣(TWD),1公克,1208,1223,,,,
20181105,新台幣(TWD),1公克,1210,1225,,,,
20181106,新台幣(TWD),1公克,1209,1224,,,,
20181107,新台幣(TWD),1公克,1208,1223,,,,
20181108,新台幣(TWD),1公克,1199,1214,,,,
20181109,新台幣(TWD),1公克,1199,1214,,,,
20181112,新台幣(TWD),1公克,1190,1205,,,,
20181113,新台幣(TWD),1公克,1189,1203,,,,
20181114,新台幣(TWD),1公克,1189,1203,,,,
20181115,新台幣(TWD),1公克,1196,1211,,,,
20181116,新台幣(TWD),1公克,1198,1213,,,,
20181119,新台幣(TWD),1公克,1203,1218,,,,
20181120,新台幣(TWD),1公克,1208,1223,,,,
20181121,新台幣(TWD),1公克,1205,1220,,,,
20181122,新台幣(TWD),1公克,1210,1225,,,,
20181123,新台幣(TWD),1公克,1208,1223,,,,
20181126,新台幣(TWD),1公克,1209,1224,,,,
20181127,新台幣(TWD),1公克,1205,1220,,,,
20181128,新台幣(TWD),1公克,1197,1212,,,,
20181129,新台幣(TWD),1公克,1207,1222,,,,
20181130,新台幣(TWD),1公克,1202,1217,,,,
20181203,新台幣(TWD),1公克,1207,1222,,,,
20181204,新台幣(TWD),1公克,1212,1227,,,,
20181205,新台幣(TWD),1公克,1214,1229,,,,
20181206,新台幣(TWD),1公克,1216,1231,,,,
20181207,新台幣(TWD),1公克,1219,1234,,,,
20181210,新台幣(TWD),1公克,1229,1244,,,,
20181211,新台幣(TWD),1公克,1229,1244,,,,
20181212,新台幣(TWD),1公克,1223,1238,,,,
20181213,新台幣(TWD),1公克,1227,1242,,,,
20181214,新台幣(TWD),1公克,1221,1236,,,,
20181217,新台幣(TWD),1公克,1221,1236,,,,
20181218,新台幣(TWD),1公克,1226,1241,,,,
20181219,新台幣(TWD),1公克,1228,1243,,,,
20181220,新台幣(TWD),1公克,1228,1243,,,,
20181221,新台幣(TWD),1公克,1238,1253,,,,
20181222,新台幣(TWD),1公克,1235,1250,,,,
20181224,新台幣(TWD),1公克,1243,1258,,,,
20181225,新台幣(TWD),1公克,1245,1260,,,,
20181226,新台幣(TWD),1公克,1252,1267,,,,
20181227,新台幣(TWD),1公克,1247,1262,,,,
20181228,新台幣(TWD),1公克,1257,1272,,,,
20190102,新台幣(TWD),1公克,1263,1278,,,,
20190103,新台幣(TWD),1公克,1273,1288,,,,
20190104,新台幣(TWD),1公克,1274,1290,,,,
20190107,新台幣(TWD),1公克,1269,1284,,,,
20190108,新台幣(TWD),1公克,1262,1277,,,,
20190109,新台幣(TWD),1公克,1260,1275,,,,
20190110,新台幣(TWD),1公克,1272,1288,,,,
20190111,新台幣(TWD),1公克,1270,1286,,,,
20190114,新台幣(TWD),1公克,1270,1286,,,,
20190115,新台幣(TWD),1公克,1269,1285,,,,
20190116,新台幣(TWD),1公克,1270,1286,,,,
20190117,新台幣(TWD),1公克,1271,1287,,,,
20190118,新台幣(TWD),1公克,1270,1286,,,,
20190119,新台幣(TWD),1公克,1263,1278,,,,
20190121,新台幣(TWD),1公克,1263,1278,,,,
20190122,新台幣(TWD),1公克,1262,1277,,,,
20190123,新台幣(TWD),1公克,1266,1281,,,,
20190124,新台幣(TWD),1公克,1262,1277,,,,
20190125,新台幣(TWD),1公克,1264,1279,,,,
20190128,新台幣(TWD),1公克,1278,1294,,,,
20190129,新台幣(TWD),1公克,1284,1300,,,,
20190130,新台幣(TWD),1公克,1289,1305,,,,
20190131,新台幣(TWD),1公克,1294,1310,,,,
20190201,新台幣(TWD),1公克,1292,1308,,,,
20190211,新台幣(TWD),1公克,1288,1304,,,,
20190212,新台幣(TWD),1公克,1291,1307,,,,
20190213,新台幣(TWD),1公克,1291,1307,,,,
20190214,新台幣(TWD),1公克,1286,1302,,,,
20190215,新台幣(TWD),1公克,1293,1309,,,,
20190218,新台幣(TWD),1公克,1301,1317,,,,
20190219,新台幣(TWD),1公克,1303,1319,,,,
20190220,新台幣(TWD),1公克,1319,1335,,,,
20190221,新台幣(TWD),1公克,1316,1332,,,,
20190222,新台幣(TWD),1公克,1304,1320,,,,
20190223,新台幣(TWD),1公克,1304,1320,,,,
20190225,新台幣(TWD),1公克,1306,1322,,,,
20190226,新台幣(TWD),1公克,1304,1320,,,,
20190227,新台幣(TWD),1公克,1303,1319,,,,
20190304,新台幣(TWD),1公克,1273,1289,,,,
20190305,新台幣(TWD),1公克,1266,1281,,,,
20190306,新台幣(TWD),1公克,1270,1286,,,,
20190307,新台幣(TWD),1公克,1265,1280,,,,
20190308,新台幣(TWD),1公克,1276,1292,,,,
20190311,新台幣(TWD),1公克,1280,1296,,,,
20190312,新台幣(TWD),1公克,1278,1294,,,,
20190313,新台幣(TWD),1公克,1287,1303,,,,
20190314,新台幣(TWD),1公克,1284,1300,,,,
20190315,新台幣(TWD),1公克,1283,1299,,,,
20190318,新台幣(TWD),1公克,1283,1299,,,,
20190319,新台幣(TWD),1公克,1284,1300,,,,
